Red,Green,Blue,Gray_Average,Gray_Median,Gray_SD,Gray_Max,Gray_Min,Gray_Skewness,Gray_Kurtusis,Gray_IQR,Area_Mean,Area_SD,BoundingBox_Mean,BoundingBox_SD,BoundingBox_Skewness,BoundingBox_Kurtusis,Eccentricity_Mean,Eccentricity_SD,FilledArea_Mean,FilledArea_SD,Area,Entropy,Above_Red,Above_Green,Above_Blue,Below_Red,Below_Green,Below_Blue,Target
85.61463,72.79782,34.71952,0.02222,0,0.08125,1,0,2.68537,23.18512,0,3555,0,174,200.98881,0.11863,1.15708,0.8976,0,3714,0,160000,0.15372,49152,110848,52597,107403,55162,104838,0
92.56375,73.42577,62.13364,0.06755,0,0.05067,1,0,0.78442,4.24939,0,10808,0,199.75,228.91938,0,1,0.58865,0,14135,0,160000,0.35671,72740,87260,74646,85354,64168,95832,0
78.71675,57.68082,34.66886,0.02896,0,0.07581,1,0,0.7853,10.81879,0,4634,0,197,212.06642,0.00743,1.02828,0.71314,0,4639,0,160000,0.18916,52593,107407,74757,85243,40837,119163,0
125.03139,122.65719,95.64339,0.06969,0,0.07053,1,0,3.95837,56.19221,0,11151,0,197.75,226.63351,0.00062,1.00083,0.59582,0,11518,0,160000,0.36478,66955,93045,74006,85994,69801,90199,0
105.32459,92.23384,71.63331,0.06702,0,0.07022,1,0,0.38611,10.56278,0,10723,0,199.75,228.91938,0,1,0.52944,0,10934,0,160000,0.3547,83126,76874,86640,73360,76079,83921,0
152.48316,83.13104,42.73182,0.01044,0,0.04895,1,0,0.32585,2.68682,0,1670,0,196.75,198.94074,0.00121,1.00175,0.83546,0,2028,0,160000,0.08368,77892,82108,73648,86352,62650,97350,0
130.21843,107.24826,89.42242,0.04451,0,0.04194,1,0,1.13516,6.53731,0,7122,0,199.75,228.91938,0,1,0.55867,0,7175,0,160000,0.26261,88523,71477,79405,80595,75182,84818,0
155.86741,109.73327,57.51604,0.01638,0,0.04728,1,0,0.48901,3.10268,0,2621,0,194.75,222.11427,0.00324,1.00443,0.5511,0,2649,0,160000,0.12061,87854,72146,70450,89550,55496,104504,0
102.44592,93.30231,62.53725,0.04029,0,0.04707,1,0,1.57169,29.58382,0,6446,0,199.75,228.91938,0,1,0.60687,0,6861,0,160000,0.24361,75954,84046,84776,75224,66119,93881,0
96.0016,82.81938,72.16029,0.02754,0,0.03477,1,0,1.42309,20.47653,0,4406,0,199.75,217.13379,0,1.01243,0.50426,0,4557,0,160000,0.18189,73062,86938,90646,69354,77396,82604,0
113.02614,101.17298,93.77512,0.0381,0,0.0532,1,0,1.51005,10.58054,0,6096,0,199.75,228.91938,0,1,0.74599,0,6372,0,160000,0.23351,71914,88086,71459,88541,73674,86326,0
139.04064,132.24628,113.71901,0.03217,0,0.04677,1,0,2.51182,74.66272,0,5147,0,199.75,223.78356,0,1.00216,0.67277,0,5221,0,160000,0.20515,72852,87148,73983,86017,75905,84095,0
81.76685,78.08435,67.84048,0.05079,0,0.04396,1,0,1.96209,25.80925,0,8126,0,199.75,228.91938,0,1,0.39158,0,9170,0,160000,0.28973,75097,84903,74344,85656,73636,86364,0
110.59567,91.40353,75.36719,0.03341,0,0.05479,1,0,1.83422,20.12368,0,5346,0,199.75,228.91938,0,1,0.65755,0,5496,0,160000,0.21123,72494,87506,71905,88095,73865,86135,0
105.00431,77.59866,59.50002,0.04911,0,0.0405,1,0,1.13311,7.74765,0,7858,0,199.75,228.91938,0,1,0.51312,0,8144,0,160000,0.28261,69395,90605,69687,90313,50397,109603,0
90.32704,65.45328,32.07678,0.07638,0,0.08989,1,0,1.76516,8.13439,0,12221,0,199.75,228.91938,0,1,0.53024,0,12951,0,160000,0.3893,63131,96869,71086,88914,59477,100523,0
141.12506,54.98596,22.33879,0.01499,0,0.05324,1,0,0.7115,4.21701,0,2399,0,199.5,223.48863,-0.00017,1.00193,0.42577,0,2483,0,160000,0.11232,83501,76499,79795,80205,44525,115475,0
127.10874,112.53848,77.39804,0.03906,0,0.03687,1,0,0.85987,4.32397,0,6250,0,199.75,228.91938,0,1,0.37244,0,6992,0,160000,0.23798,89136,70864,89285,70715,67684,92316,0
49.38674,37.38176,39.68365,0.03236,0,0.041,1,0,2.00892,15.41031,0,5178,0,199.75,228.91938,0,1,0.54289,0,5611,0,160000,0.2061,40935,119065,74934,85066,69797,90203,0
113.26325,78.44481,39.37363,0.01703,0,0.0456,1,0,1.43271,5.8997,0,2724,0,199.75,228.91938,0,1,0.68012,0,2799,0,160000,0.12439,70285,89715,81310,78690,50489,109511,0
98.68045,79.97723,58.67717,0.0835,0,0.03919,1,0,0.65819,5.31206,0,13360,0,199.75,228.91938,0,1,0.51568,0,13767,0,160000,0.41439,64468,95532,68269,91731,61139,98861,0
114.99498,109.14937,60.26093,0.05549,0,0.04293,1,0,1.21474,17.46168,0,8879,0,199.75,228.91938,0,1,0.58275,0,9158,0,160000,0.30929,79661,80339,70116,89884,64056,95944,0
107.17054,104.90815,79.11428,0.04758,0,0.06397,1,0,2.97744,32.49063,0,7612,0,194.75,212.31835,-0.00399,1.00535,0.75607,0,8056,0,160000,0.27601,80049,79951,92309,67691,84848,75152,0
112.02558,83.8875,43.62081,0.02593,0,0.03555,1,0,1.21717,5.99514,0,4148,0,199.75,228.91938,0,1,0.72573,0,4197,0,160000,0.17352,77794,82206,84978,75022,72966,87034,0
130.61427,113.93752,89.03919,0.05188,0,0.05888,1,0,0.61448,5.35221,0,8301,0,199.75,228.91938,0,1,0.43262,0,8849,0,160000,0.29434,78190,81810,90552,69448,74225,85775,0
95.23216,82.68433,55.13348,0.04897,0,0.04571,1,0,0.37116,3.80599,0,7835,0,199.75,228.91938,0,1,0.59561,0,9076,0,160000,0.282,71888,88112,85164,74836,65182,94818,0
70.7415,55.67922,33.82264,0.04015,0,0.05321,1,0,2.27142,23.80531,0,6424,0,199.75,228.91938,0,1,0.37732,0,6569,0,160000,0.24298,45348,114652,78815,81185,70653,89347,0
109.20782,87.38743,22.00373,0.03333,0,0.0598,1,0,0.82573,4.85293,0,5333,0,198.75,216.59351,0.00187,1.01382,0.59264,0,6375,0,160000,0.21083,70321,89679,67167,92833,54787,105213,0
68.86606,61.39062,37.95064,0.02791,0,0.04744,1,0,2.96248,75.02682,0,4466,0,199.75,228.91938,0,1,0.37972,0,8600,0,160000,0.18381,63030,96970,64500,95500,49962,110038,0
125.98959,113.9423,102.67308,0.01788,0,0.06301,1,0,0.35399,2.38144,0,2861,0,199.75,219.32415,0,1.00799,0.51287,0,2861,0,160000,0.12937,78891,81109,73939,86061,69426,90574,0
112.37473,97.84196,44.78608,0.05301,0,0.03479,1,0,0.95828,8.13348,0,8482,0,199,228.05665,0.00009,1.00012,0.56307,0,8723,0,160000,0.29906,79036,80964,90915,69085,66565,93435,0
99.80421,80.38981,39.90216,0.04714,0,0.08019,1,0,2.04754,7.15554,0,7542,0,199.75,228.91938,0,1,0.67251,0,7772,0,160000,0.27411,57383,102617,82798,77202,66365,93635,0
101.60044,95.80523,38.1633,0.04131,0,0.04512,1,0,2.09518,146.65605,0,6609,0,198.75,227.77054,0.00015,1.00021,0.309,0,6772,0,160000,0.24825,61887,98113,71467,88533,55034,104966,0
133.71063,70.74652,35.86206,0.04559,0,0.04231,1,0,2.29771,13.35795,0,7294,0,199.75,228.91938,0,1,0.4036,0,7419,0,160000,0.26735,77980,82020,59412,100588,48035,111965,0
97.45262,86.0621,51.43346,0.05019,0,0.04466,1,0,1.56874,8.4489,0,8030,0,197.5,226.35113,0.00079,1.00105,0.5857,0,8168,0,160000,0.28719,75806,84194,71371,88629,65016,94984,0
128.56192,128.52144,83.50978,0.03056,0,0.03627,1,0,1.02135,8.14315,0,4890,0,199.75,213.8997,0,1.02113,0.80716,0,4971,0,160000,0.1972,79488,80512,89491,70509,68507,91493,0
128.81309,100.30737,88.61526,0.0229,0,0.04181,1,0,2.29563,19.7861,0,3664,0,199.75,219.87591,0,1.00705,0.76233,0,3908,0,160000,0.15743,84985,75015,86594,73406,80845,79155,0
103.86269,69.76919,69.3755,0.04545,0,0.035,1,0,1.23044,8.9068,0,7272,0,199.75,222.65912,0,1.00325,0.68439,0,7733,0,160000,0.26675,52325,107675,83277,76723,70303,89697,0
107.79088,92.76467,68.68824,0.0354,0,0.04005,1,0,1.93131,24.36847,0,5664,0,199.5,228.63107,0.00001,1.00001,0.46431,0,5676,0,160000,0.22079,67733,92267,72697,87303,66498,93502,0
91.07263,69.75444,43.21923,0.05124,0,0.03869,1,0,1.43496,7.98402,0,8198,0,199.75,228.91938,0,1,0.53452,0,8929,0,160000,0.29163,59277,100723,69974,90026,55718,104282,0
119.04951,133.93999,38.42186,0.02751,0,0.03951,1,0,0.47371,4.43583,0,4402,0,199.75,228.91938,0,1,0.74382,0,4479,0,160000,0.18176,47559,112441,92615,67385,63398,96602,0
112.47459,114.09437,40.55158,0.04369,0,0.05837,1,0,1.18055,8.02319,0,6991,0,199.75,217.67885,0,1.01122,0.35701,0,7304,0,160000,0.25898,51021,108979,82580,77420,64176,95824,0
113.62519,111.45916,38.43354,0.02844,0,0.04352,1,0,1.96022,32.0145,0,4550,0,199.75,214.97073,0,1.01795,0.76942,0,4649,0,160000,0.18649,42094,117906,86485,73515,75720,84280,0
90.11959,91.6572,56.09651,0.05044,0,0.04875,1,0,1.74592,11.78651,0,8070,0,199.75,228.91938,0,1,0.56569,0,8180,0,160000,0.28825,57085,102915,67386,92614,55405,104595,0
81.85041,78.15915,44.16875,0.06964,0,0.04559,1,0,0.22259,3.7647,0,11143,0,199.75,228.91938,0,1,0.54185,0,11907,0,160000,0.36459,62382,97618,70911,89089,50653,109347,0
126.61736,118.54054,84.34178,0.09282,0,0.04263,1,0,0.38151,3.41442,0,14851,0,199.75,228.91938,0,1,0.29994,0,15053,0,160000,0.44581,77437,82563,86089,73911,78858,81142,0
79.12676,65.08948,50.20661,0.04333,0,0.05078,1,0,2.94742,37.47442,0,6932,0,199.75,228.91938,0,1,0.70791,0,6950,0,160000,0.25733,59797,100203,83087,76913,80778,79222,0
104.78247,69.07389,65.49081,0.06236,0,0.04857,1,0,1.56714,10.11432,0,9977,0,199.75,228.91938,0,1,0.49377,0,10792,0,160000,0.33673,66286,93714,67073,92927,59254,100746,0
129.48716,99.68831,82.66548,0.04363,0,0.04777,1,0,0.25851,5.05424,0,6980,0,199.75,228.91938,0,1,0.45518,0,7064,0,160000,0.25867,80699,79301,82183,77817,71397,88603,0
140.83649,114.03603,87.40355,0.07628,0,0.05007,1,0,0.40863,3.77877,0,12205,0,199.75,228.91938,0,1,0.62987,0,13349,0,160000,0.38894,88679,71321,77740,82260,75826,84174,0
86.60796,63.32364,31.14906,0.02324,0,0.05903,1,0,1.5859,16.36028,0,3719,0,192.5,220.86534,0.00861,1.01147,0.63817,0,3829,0,160000,0.15929,44025,115975,97633,62367,70975,89025,0
109.23513,101.83782,71.42404,0.05343,0,0.05638,1,0,3.53949,21.49529,0,8548,0,199.75,220.42932,0,1.00616,0.52515,0,9432,0,160000,0.30077,71510,88490,82088,77912,69038,90962,0
119.14599,110.70649,88.27813,0.07211,0,0.06506,1,0,3.68971,35.62164,0,11537,0,199.75,228.91938,0,1,0.55912,0,11903,0,160000,0.37374,99028,60972,98838,61162,91487,68513,0
109.86269,101.44688,91.49449,0.06053,0,0.03482,1,0,0.50223,7.4735,0,9684,0,199.75,228.91938,0,1,0.49215,0,11161,0,160000,0.32953,79861,80139,81963,78037,74614,85386,0
99.85658,86.91053,49.68846,0.02328,0,0.05799,1,0,0.46248,3.6992,0,3725,0,190.5,189.50858,-0.03428,1.05376,0.74872,0,3763,0,160000,0.15949,76238,83762,90721,69279,72762,87238,0
146.61406,90.85661,68.89954,0.02919,0,0.06637,1,0,1.0687,16.27548,0,4670,0,199.75,228.91938,0,1,0.42261,0,5387,0,160000,0.1903,82610,77390,80238,79762,53332,106668,0
103.15103,90.60661,47.95978,0.07818,0,0.04061,1,0,2.36741,27.58497,0,12509,0,199.75,228.91938,0,1,0.43868,0,14265,0,160000,0.39574,75460,84540,83354,76646,65411,94589,0
106.2124,112.38289,83.38154,0.04724,0,0.0492,1,0,1.43638,12.48457,0,7558,0,199.75,217.67885,0,1.01122,0.79322,0,7848,0,160000,0.27454,70942,89058,94054,65946,62789,97211,0
128.79046,106.2796,98.01886,0.02996,0,0.0427,1,0,1.7677,12.21316,0,4794,0,199,228.05665,0.00009,1.00012,0.49497,0,4811,0,160000,0.1942,76474,83526,66611,93389,60537,99463,0
128.66885,138.95935,84.97238,0.05034,0,0.08315,1,0,2.26802,28.76155,0,8055,0,197,222.40166,0.00256,1.00438,0.42546,0,8205,0,160000,0.28786,71495,88505,97778,62222,57826,102174,0
97.71679,80.22463,46.5127,0.08057,0,0.04855,1,0,1.13646,6.73534,0,12891,0,199.75,228.91938,0,1,0.49735,0,13630,0,160000,0.40418,75152,84848,73283,86717,62172,97828,0
98.24862,80.88284,43.78328,0.06033,0,0.06481,1,0,1.99348,15.65759,0,9652,0,199.75,228.91938,0,1,0.64639,0,10211,0,160000,0.32873,64625,95375,77986,82014,60912,99088,0
119.60142,93.71012,78.31598,0.0145,0,0.04598,1,0,0.86847,3.33505,0,2320,0,199.75,222.65912,0,1.00325,0.54673,0,2331,0,160000,0.10933,82439,77561,91539,68461,86128,73872,0
96.49124,88.58821,73.02938,0.03818,0,0.0662,1,0,0.9124,4.63202,0,6108,0,192.75,221.13212,0.00801,1.01067,0.63061,0,6322,0,160000,0.23386,75786,84214,90492,69508,76961,83039,0
99.42983,55.81432,27.15251,0.06826,0,0.06286,1,0,1.38439,10.6815,0,10921,0,199.75,227.19393,0,1.00023,0.78353,0,11457,0,160000,0.35938,66918,93082,63945,96055,43914,116086,0
100.71356,74.74222,37.43914,0.03067,0,0.04934,1,0,1.18163,8.55098,0,4907,0,199.75,215.50889,0,1.01647,0.55104,0,5182,0,160000,0.19773,65142,94858,78997,81003,60879,99121,0
77.85849,77.32451,61.1213,0.04825,0,0.04282,1,0,1.30935,9.73968,0,7720,0,199.75,228.91938,0,1,0.50214,0,8346,0,160000,0.27892,64879,95121,79364,80636,70678,89322,0
155.95784,148.25246,114.07881,0.05249,0,0.03189,1,0,0.13455,2.90492,0,8398,0,199.75,228.91938,0,1,0.42138,0,10003,0,160000,0.29687,89159,70841,84302,75698,72888,87112,0
90.93043,32.50685,15.93717,0.00791,0,0.05245,1,0,-0.10767,2.16171,0,1266,0,188.25,183.40324,0.03939,1.05374,0.85748,0,1285,0,160000,0.06661,62004,97996,51778,108222,53962,106038,0
96.21088,87.63716,66.12233,0.05983,0,0.03767,1,0,0.94344,4.67191,0,9573,0,199.75,228.91938,0,1,0.6837,0,9987,0,160000,0.32677,76694,83306,80334,79666,68139,91861,0
90.81759,96.79611,49.37712,0.02908,0,0.03034,1,0,3.69501,145.88251,0,4652,0,194.5,218.5837,0.00812,1.0126,0.70758,0,4674,0,160000,0.18973,55399,104601,95064,64936,61509,98491,0
72.48446,30.03831,12.7333,0.01353,0,0.04904,1,0,0.79194,4.19146,0,2164,0,199.75,203.03797,0,1.00391,0.9492,0,2379,0,160000,0.10335,62160,97840,58940,101060,71881,88119,0
96.7737,77.95878,67.13179,0.02959,0,0.04304,1,0,2.03066,34.06351,0,4735,0,199.75,228.91938,0,1,0.68425,0,4735,0,160000,0.19235,69703,90297,73100,86900,63579,96421,0
160.90688,83.97083,41.47917,0.01068,0,0.04514,1,0,0.32767,2.48234,0,1708,0,199.75,210.44734,0,1.00012,0.82655,0,2111,0,160000,0.08524,85432,74568,76916,83084,61780,98220,0
93.09143,82.13144,58.48317,0.08506,0,0.03982,1,0,0.69398,4.59668,0,13610,0,199.75,228.91938,0,1,0.44191,0,14146,0,160000,0.41977,62160,97840,67316,92684,60356,99644,0
92.51106,72.11861,36.12242,0.03421,0,0.04644,1,0,2.73972,59.99214,0,5473,0,199.75,228.91938,0,1,0.42094,0,5656,0,160000,0.21507,74692,85308,74538,85462,60498,99502,0
73.45423,50.22818,29.26791,0.03541,0,0.04912,1,0,1.71196,10.18653,0,5665,0,199.75,228.34276,0,1.00003,0.5226,0,5956,0,160000,0.22082,44832,115168,62410,97590,58063,101937,0
70.26832,29.60546,13.0357,0.01439,0,0.05326,1,0,0.65775,3.6811,0,2302,0,195.25,223.79622,0.00196,1.00261,0.68257,0,2382,0,160000,0.10864,51744,108256,55257,104743,31763,128237,0
127.14461,106.4282,66.53542,0.02195,0,0.03875,1,0,0.4339,3.52199,0,3512,0,199.75,220.42932,0,1.00616,0.4351,0,3523,0,160000,0.15225,84343,75657,82128,77872,66429,93571,0
104.32062,96.4039,68.19233,0.03794,0,0.03915,1,0,2.6101,34.77973,0,6070,0,199.75,228.91938,0,1,0.54079,0,6157,0,160000,0.23275,74144,85856,66701,93299,59439,100561,0
88.92244,68.94817,37.37433,0.03518,0,0.04276,1,0,0.81804,6.92144,0,5629,0,194.75,223.29521,0.00401,1.00534,0.8695,0,5799,0,160000,0.21974,56330,103670,74378,85622,65985,94015,0
155.4946,121.46324,55.92616,0.05717,0,0.03169,1,0,0.45484,4.28714,0,9147,0,199.75,228.91938,0,1,0.56435,0,9364,0,160000,0.3161,81303,78697,71842,88158,57637,102363,0
87.85643,77.71779,61.06428,0.06367,0,0.07439,1,0,-0.08368,3.22527,0,10187,0,199.75,228.91938,0,1,0.35116,0,10491,0,160000,0.34184,66054,93946,81151,78849,81081,78919,0
91.79161,81.55685,45.83201,0.02851,0,0.03133,1,0,4.20056,110.40999,0,4562,0,199.75,215.50889,0,1.01647,0.70018,0,4612,0,160000,0.18688,60349,99651,94328,65672,67680,92320,0
84.73459,63.82524,44.05045,0.08858,0,0.04701,1,0,0.81301,6.66064,0,14172,0,199.75,228.91938,0,1,0.61647,0,15037,0,160000,0.4317,57900,102100,60631,99369,54468,105532,0
126.61575,109.25401,84.01031,0.04813,0,0.03599,1,0,0.66518,4.70454,0,7700,0,199.75,226.05106,0,1.00065,0.71339,0,8208,0,160000,0.27838,84751,75249,90718,69282,88386,71614,0
99.53366,83.88073,57.05018,0.03384,0,0.05326,1,0,1.90329,16.44471,0,5415,0,199.75,228.91938,0,1,0.63665,0,5727,0,160000,0.21332,59326,100674,67892,92108,46815,113185,0
83.18769,67.13478,36.88204,0.03254,0,0.04772,1,0,1.68994,11.6872,0,5207,0,199.75,222.09926,0,1.00389,0.57474,0,5571,0,160000,0.20699,61143,98857,74398,85602,53366,106634,0
110.13605,100.52469,90.75501,0.05984,0,0.05572,1,0,0.12937,3.62285,0,9574,0,199.75,228.91938,0,1,0.31822,0,9617,0,160000,0.3268,75021,84979,79681,80319,70992,89008,0
91.81324,73.35851,30.39123,0.02841,0,0.04783,1,0,2.61179,17.13051,0,4546,0,195.75,215.55838,0.00825,1.01829,0.74787,0,4571,0,160000,0.18637,54367,105633,75928,84072,69032,90968,0
144.47645,130.92081,115.99281,0.03415,0,0.03114,1,0,0.20634,5.1195,0,5464,0,189.5,217.72804,0.01768,1.02354,0.62982,0,5564,0,160000,0.21479,92919,67081,82246,77754,80785,79215,0
98.40681,86.64236,74.39407,0.0361,0,0.05355,1,0,2.79494,50.24831,0,5776,0,199.75,223.22056,0,1.00267,0.54758,0,5855,0,160000,0.22412,73077,86923,67911,92089,60569,99431,0
106.41589,92.98227,73.1879,0.03556,0,0.04274,1,0,1.93346,16.66738,0,5689,0,199.75,228.91938,0,1,0.54766,0,6044,0,160000,0.22153,72793,87207,65299,94701,58937,101063,0
106.45861,67.42479,66.26523,0.02594,0,0.06559,1,0,0.47621,3.56916,0,4151,0,199.75,216.92491,0,1.00478,0.57301,0,4220,0,160000,0.17362,66177,93823,81938,78062,72676,87324,0
89.67401,68.87454,63.63649,0.03263,0,0.04322,1,0,1.00542,6.43353,0,5220,0,199.75,228.91938,0,1,0.6708,0,5875,0,160000,0.20739,73358,86642,80127,79873,71952,88048,0
115.95116,86.06029,43.02028,0.06358,0,0.04427,1,0,-0.00133,2.85515,0,10173,0,199.75,228.91938,0,1,0.53073,0,10693,0,160000,0.3415,83089,76911,75867,84133,63459,96541,0
98.21233,72.00241,53.84394,0.02143,0,0.04579,1,0,1.13952,10.65998,0,3429,0,199.75,228.91938,0,1,0.81072,0,3446,0,160000,0.1494,65672,94328,76800,83200,54410,105590,0
100.76245,74.44395,37.46227,0.05094,0,0.07987,1,0,2.16334,17.8096,0,8150,0,199.75,228.91938,0,1,0.59948,0,8301,0,160000,0.29037,65825,94175,72394,87606,53550,106450,0
89.83748,68.49257,40.53597,0.07393,0,0.05985,1,0,0.74781,17.16527,0,11829,0,199.75,228.91938,0,1,0.57123,0,12341,0,160000,0.38043,66254,93746,69198,90802,56186,103814,0
100.10674,66.13748,27.7367,0.01493,0,0.07493,1,0,0.71585,11.00473,0,2389,0,172.25,202.21461,0.14426,1.18998,0.70951,0,2544,0,160000,0.11195,60359,99641,79234,80766,51647,108353,0
105.87646,93.83438,75.48904,0.03887,0,0.04118,1,0,1.51094,14.71534,0,6219,0,199.75,228.91938,0,1,0.52687,0,6549,0,160000,0.23708,71912,88088,65817,94183,61363,98637,0
96.83294,86.56968,64.36173,0.03538,0,0.06276,1,0,1.32036,22.70472,0,5660,0,199.75,224.34813,0,1.00169,0.87269,0,6390,0,160000,0.22067,77660,82340,71656,88344,59435,100565,0
91.35686,79.43294,63.55414,0.0478,0,0.04518,1,0,1.33737,13.74985,0,7648,0,199.75,228.91938,0,1,0.59516,0,7859,0,160000,0.27698,65788,94212,91417,68583,88531,71469,0
81.35714,58.20664,43.80496,0.10891,0,0.03637,1,0,0.25761,3.15535,0,17426,0,199.75,228.91938,0,1,0.46369,0,18464,0,160000,0.49663,80216,79784,70924,89076,73509,86491,0
102.88639,80.4587,41.89269,0.04339,0,0.04579,1,0,1.29033,13.16271,0,6943,0,199.75,212.30658,0,1.02645,0.64222,0,7136,0,160000,0.25764,60752,99248,96136,63864,84418,75582,0
77.97392,62.76512,57.37053,0.10174,0,0.06706,1,0,1.29866,7.20647,0,16278,0,199.75,228.91938,0,1,0.47261,0,17603,0,160000,0.47448,61428,98572,59526,100474,58321,101679,0
100.95381,69.07104,39.49949,0.02294,0,0.05241,1,0,1.58964,6.43475,0,3670,0,199.75,228.91938,0,1,0.67563,0,3758,0,160000,0.15763,54689,105311,82484,77516,71123,88877,0
69.24073,69.62362,58.43851,0.04581,0,0.04452,1,0,1.05916,8.31776,0,7330,0,199.75,228.91938,0,1,0.53353,0,7962,0,160000,0.26834,59638,100362,78465,81535,70345,89655,0
111.56584,95.83666,76.54723,0.03553,0,0.03531,1,0,5.26399,62.65855,0,5685,0,199.75,228.91938,0,1,0.23208,0,6727,0,160000,0.22141,64483,95517,61725,98275,78990,81010,0
126.35133,119.36001,87.64549,0.07433,0,0.03417,1,0,0.59147,6.18459,0,11892,0,199.75,228.91938,0,1,0.37711,0,12113,0,160000,0.38186,79393,80607,91441,68559,78481,81519,0
135.02412,91.64557,32.6049,0.01224,0,0.04748,1,0,0.22526,2.5387,0,1958,0,188.25,216.4565,0.0225,1.02994,0.64999,0,2375,0,160000,0.09529,70955,89045,72490,87510,62241,97759,0
68.44131,61.26611,23.76614,0.03444,0,0.04435,1,0,2.59044,47.00326,0,5510,0,199.75,228.91938,0,1,0.29235,0,12562,0,160000,0.21618,58244,101756,63229,96771,48168,111832,0
121.13936,88.11132,32.52688,0.03716,0,0.03943,1,0,0.56666,4.74491,0,5946,0,199.75,228.91938,0,1,0.40758,0,6763,0,160000,0.22913,65070,94930,81347,78653,61836,98164,0
111.0364,94.02711,60.62437,0.03309,0,0.04713,1,0,0.57516,4.14291,0,5295,0,199.75,228.91938,0,1,0.44651,0,5445,0,160000,0.20968,65673,94327,76310,83690,58825,101175,0
112.23209,101.50119,75.01551,0.02599,0,0.04199,1,0,1.82113,9.19566,0,4158,0,199,218.97755,-0.00091,1.0059,0.62315,0,4255,0,160000,0.17385,74347,85653,80948,79052,63126,96874,0
122.62324,90.64424,63.89571,0.0217,0,0.03801,1,0,0.90902,5.87615,0,3472,0,199.75,228.91938,0,1,0.57525,0,6004,0,160000,0.15088,83390,76610,73414,86586,71268,88732,0
126.57105,101.61222,73.7904,0.04778,0,0.03782,1,0,0.5261,4.5628,0,7644,0,199.75,228.91938,0,1,0.59141,0,8922,0,160000,0.27687,88078,71922,74970,85030,67586,92414,0
116.47041,95.8042,86.42688,0.05703,0,0.04074,1,0,0.32726,4.64721,0,9124,0,199.75,228.91938,0,1,0.47431,0,9391,0,160000,0.31552,82667,77333,88011,71989,78573,81427,0
78.7045,67.44178,32.95718,0.07561,0,0.04423,1,0,0.31308,3.38812,0,12097,0,199.75,228.91938,0,1,0.62277,0,12659,0,160000,0.38651,66156,93844,80718,79282,54614,105386,0
98.70367,77.3022,49.14256,0.04866,0,0.03381,1,0,0.42758,4.65584,0,7786,0,199.75,228.91938,0,1,0.5386,0,17332,0,160000,0.28069,68965,91035,78581,81419,52133,107867,0
67.04934,60.22578,36.84162,0.03308,0,0.05931,1,0,2.53252,30.59159,0,5293,0,198.5,216.72063,-0.00175,1.00789,0.23221,0,5376,0,160000,0.20962,44149,115851,72246,87754,60678,99322,0
104.56997,103.00304,69.69043,0.05265,0,0.05253,1,0,2.95555,47.90604,0,8424,0,199.75,228.91938,0,1,0.49565,0,8489,0,160000,0.29755,72826,87174,79319,80681,62029,97971,0
92.24864,81.55696,32.05185,0.0339,0,0.08274,1,0,2.23313,13.13868,0,5424,0,195.75,206.53107,0.01454,1.04895,0.77625,0,5480,0,160000,0.21359,54324,105676,48884,111116,51353,108647,0
104.86833,85.13404,62.06261,0.04168,0,0.03509,1,0,0.65508,5.26178,0,6668,0,199.75,228.91938,0,1,0.59538,0,6771,0,160000,0.24992,77285,82715,87714,72286,71729,88271,0
81.38591,77.75614,73.75427,0.02761,0,0.07615,1,0,1.82893,6.00017,0,4418,0,197.75,221.44469,-0.00082,1.00111,0.56095,0,4507,0,160000,0.18227,62808,97192,61651,98349,59216,100784,1
134.47049,150.85326,109.08567,0.08532,0,0.05182,1,0,1.16365,4.72884,0,13651,0,199.75,228.91938,0,1,0.34831,0,15267,0,160000,0.42065,68748,91252,74598,85402,57554,102446,1
100.27558,93.20483,84.36528,0.03363,0,0.05382,1,0,0.4384,5.82456,0,5380,0,199.75,223.78356,0,1.00216,0.70536,0,5782,0,160000,0.21226,67413,92587,63744,96256,63350,96650,1
123.54123,117.77356,111.45802,0.01573,0,0.05425,1,0,0.60996,4.49354,0,2517,0,189.5,207.61623,0.00332,1.01333,0.79023,0,3073,0,160000,0.11675,86751,73249,83673,76327,80968,79032,1
79.82654,85.91181,109.17669,0.02788,0,0.05708,1,0,1.36725,13.35754,0,4460,0,199.75,222.65912,0,1.00325,0.7092,0,4544,0,160000,0.18362,72497,87503,68657,91343,75835,84165,1
105.03847,101.57276,80.88308,0.03226,0,0.08454,1,0,2.57435,28.31376,0,5161,0,199.75,194.81722,0,1.13457,0.75467,0,5381,0,160000,0.20558,71779,88221,67527,92473,64299,95701,1
108.46831,112.23994,97.78978,0.04401,0,0.07397,1,0,2.08636,18.5937,0,7041,0,199.75,220.98435,0,1.00534,0.79517,0,7267,0,160000,0.26037,65719,94281,67792,92208,61260,98740,1
75.62716,80.88859,73.47911,0.01661,0,0.03677,1,0,0.44472,7.42752,0,2657,0,199.75,228.91938,0,1,0.80472,0,2767,0,160000,0.12194,65758,94242,67326,92674,58941,101059,1
147.51246,171.92384,191.76776,0.02731,0,0.03949,1,0,1.30623,11.6448,0,4370,0,199.75,214.43433,0,1.01951,0.86859,0,4536,0,160000,0.18073,124217,35783,110788,49212,105639,54361,1
117.97818,132.31676,80.20848,0.03186,0,0.05566,1,0,1.15173,5.99259,0,5098,0,199.75,217.67885,0,1.01122,0.69625,0,5498,0,160000,0.20365,79470,80530,83859,76141,65312,94688,1
59.52363,60.19274,57.80306,0.02852,0,0.10196,1,0,0.69928,13.63378,0,4563,0,181.5,183.90804,0.19337,1.36827,0.79694,0,6499,0,160000,0.18691,60008,99992,60100,99900,59552,100448,1
88.50167,88.69046,89.35465,0.03334,0,0.0412,1,0,1.19191,8.03634,0,5335,0,199.75,222.09926,0,1.00389,0.7436,0,5405,0,160000,0.21089,71944,88056,72242,87758,68784,91216,1
106.28525,108.97116,91.14233,0.01761,0,0.0509,1,0,2.49136,14.11911,0,2817,0,191.5,219.80635,0.01125,1.01498,0.72095,0,3082,0,160000,0.12778,64229,95771,63408,96592,62569,97431,1
94.97994,96.4638,92.39401,0.02393,0,0.06177,1,0,1.45718,10.40243,0,3829,0,195.5,224.11939,0.00288,1.00383,0.81138,0,4110,0,160000,0.16298,80146,79854,78907,81093,76040,83960,1
143.01006,133.61657,111.27613,0.05715,0,0.04816,1,0,0.90872,7.77877,0,9144,0,199.75,228.91938,0,1,0.44765,0,9465,0,160000,0.31603,71097,88903,66673,93327,62535,97465,1
139.69511,140.03635,153.96038,0.04182,0,0.06523,1,0,2.90412,18.86213,0,6691,0,199.75,221.541,0,1.00459,0.72339,0,7674,0,160000,0.25057,100888,59112,88705,71295,87299,72701,1
146.44681,149.51274,133.673,0.02183,0,0.06713,1,0,0.82767,2.50939,0,3492,0,199.75,219.10519,0,1.00003,0.88239,0,3782,0,160000,0.15157,86180,73820,75385,84615,75812,84188,1
117.10323,119.49489,93.78796,0.02386,0,0.0361,1,0,0.43286,4.92842,0,3817,0,199,224.03608,-0.00033,1.00086,0.77401,0,3867,0,160000,0.16258,63151,96849,68957,91043,58349,101651,1
139.96461,127.88441,116.63528,0.04964,0,0.02678,1,0,0.12009,3.15121,0,7942,0,199.75,228.91938,0,1,0.46565,0,8156,0,160000,0.28486,67887,92113,67295,92705,64428,95572,1
106.48238,109.3712,75.80091,0.02143,0,0.05999,1,0,0.86672,5.74569,0,3428,0,199,222.38068,0.0007,1.00362,0.87609,0,3618,0,160000,0.14937,51976,108024,49892,110108,51224,108776,1
158.81263,142.57796,123.16819,0.05166,0,0.08096,1,0,2.11447,22.38135,0,8265,0,192,219.73507,0.0093,1.01241,0.57333,0,8693,0,160000,0.29339,83096,76904,76607,83393,76315,83685,1
66.58163,65.07133,63.56571,0.03174,0,0.04805,1,0,2.75299,26.35194,0,5078,0,199.75,228.91938,0,1,0.63493,0,5544,0,160000,0.20303,58023,101977,57996,102004,57179,102821,1
124.66686,119.24851,75.04953,0.02996,0,0.03633,1,0,0.62109,4.21755,0,4794,0,199.75,228.91938,0,1,0.7513,0,4923,0,160000,0.1942,74921,85079,71204,88796,59743,100257,1
146.97799,121.92166,81.13679,0.03628,0,0.06288,1,0,1.4705,6.36646,0,5805,0,198.25,224.88534,-0.00012,1.00026,0.756,0,5960,0,160000,0.22497,75760,84240,68782,91218,67391,92609,1
137.30584,170.92465,208.96466,0.01941,0,0.07876,1,0,1.07488,6.79529,0,3106,0,185.25,172.07678,0.11455,1.19151,0.83403,0,3193,0,160000,0.13813,42192,117808,110677,49323,107795,52205,1
111.91272,97.75709,81.84815,0.04429,0,0.03132,1,0,0.29683,4.13995,0,7087,0,199.75,228.91938,0,1,0.67393,0,7277,0,160000,0.26164,73690,86310,70671,89329,61690,98310,1
104.16084,102.90636,97.73159,0.02121,0,0.0607,1,0,1.79845,13.37861,0,3394,0,190.5,215.75719,0.01071,1.01498,0.84466,0,3468,0,160000,0.1482,69149,90851,69950,90050,67897,92103,1
111.97499,120.20861,93.77459,0.07942,0,0.05546,1,0,0.32036,2.70086,0,12707,0,199.75,228.91938,0,1,0.51489,0,14799,0,160000,0.40013,62507,97493,61244,98756,57891,102109,1
81.88566,111.73873,70.83394,0.01714,0,0.08028,1,0,0.502,1.65431,0,2743,0,195.25,156.68573,0.01462,1.02598,0.53013,0,3099,0,160000,0.12509,71019,88981,70837,89163,66650,93350,1
246.95568,245.39564,238.78043,0.01841,0,0.04604,1,0,1.10684,8.13566,0,2946,0,194,222.32521,0.00122,1.00163,0.96194,0,2990,0,160000,0.13243,122640,37360,119747,40253,119036,40964,1
155.88183,151.58176,149.73461,0.05328,0,0.1018,1,0,4.50377,64.17227,0,8524,0,199.75,188.9817,0,1.11365,0.64906,0,8702,0,160000,0.30015,84063,75937,86980,73020,89934,70066,1
143.78341,122.70538,103.29695,0.04387,0,0.05833,1,0,2.8207,41.76794,0,7019,0,199.75,228.91938,0,1,0.50484,0,7581,0,160000,0.25976,80859,79141,73710,86290,69469,90531,1
124.5821,128.65694,116.07896,0.01429,0,0.06661,1,0,0.01632,1.33712,0,2286,0,196.75,193.18579,-0.00193,1.00257,0.68523,0,2672,0,160000,0.10803,86635,73365,87477,72523,81881,78119,1
161.35799,171.40891,145.75181,0.01923,0,0.07716,1,0,0.37838,2.5847,0,3077,0,199.75,221.541,0,1.00459,0.78267,0,3547,0,160000,0.1371,100296,59704,103280,56720,84618,75382,1
97.1125,99.27932,81.44884,0.08046,0,0.04712,1,0,0.2477,5.22297,0,12874,0,199.75,228.91938,0,1,0.4837,0,14427,0,160000,0.40381,52538,107462,50641,109359,45690,114310,1
139.70632,140.84493,140.78001,0.02888,0,0.0476,1,0,1.08995,7.61575,0,4621,0,199.75,222.09926,0,1.00389,0.60615,0,5687,0,160000,0.18875,64856,95144,61824,98176,60689,99311,1
89.08434,90.87914,78.81046,0.04394,0,0.04477,1,0,0.55695,4.65205,0,7031,0,199.75,228.91938,0,1,0.51175,0,7167,0,160000,0.26009,76694,83306,73432,86568,72266,87734,1
139.43349,149.26783,104.70319,0.02723,0,0.04574,1,0,1.97755,23.23849,0,4356,0,199.75,210.72988,0,1.03243,0.72029,0,4427,0,160000,0.18028,51573,108427,50290,109710,47540,112460,1
186.8883,182.67724,178.60739,0.08586,0,0.05894,1,0,0.20034,2.32388,0,13738,0,199.75,228.91938,0,1,0.41307,0,17786,0,160000,0.42251,102627,57373,100552,59448,97370,62630,1
109.98601,112.52743,91.72796,0.04158,0,0.04616,1,0,1.47217,21.01731,0,6653,0,199.75,228.91938,0,1,0.57377,0,7210,0,160000,0.2495,61136,98864,58998,101002,59784,100216,1
105.89336,109.88496,100.36554,0.04794,0,0.04079,1,0,0.70027,11.47133,0,7670,0,199.75,228.91938,0,1,0.42495,0,8423,0,160000,0.27757,65963,94037,63509,96491,62513,97487,1
137.15844,127.01664,109.88256,0.03663,0,0.0663,1,0,3.00008,18.61476,0,5860,0,192,217.35263,0.00688,1.00987,0.41917,0,6184,0,160000,0.2266,88010,71990,84837,75163,85344,74656,1
154.83792,159.02037,135.76697,0.0221,0,0.06131,1,0,1.71163,19.79172,0,3536,0,190.75,208.97149,0.00082,1.0099,0.51395,0,3880,0,160000,0.15307,84274,75726,82584,77416,83135,76865,1
105.24895,117.19329,118.35595,0.03084,0,0.08717,1,0,1.74828,8.30489,0,4935,0,199.5,196.64477,0.00156,1.12617,0.70049,0,5205,0,160000,0.19861,58069,101931,79096,80904,78328,81672,1
137.97151,138.82859,127.94191,0.02749,0,0.04897,1,0,1.08019,7.592,0,4399,0,199.75,228.91938,0,1,0.57685,0,4898,0,160000,0.18166,92417,67583,88132,71868,86657,73343,1
108.46689,100.74615,74.70589,0.03051,0,0.06194,1,0,1.1735,5.99416,0,4881,0,199.75,228.91938,0,1,0.64994,0,5288,0,160000,0.19692,83477,76523,80617,79383,62200,97800,1
114.21681,115.40473,110.70738,0.04931,0,0.05228,1,0,1.85451,24.8753,0,7889,0,199.75,225.48189,0,1.00094,0.69044,0,8129,0,160000,0.28344,70586,89414,73374,86626,73726,86274,1
85.24843,84.53605,67.92969,0.05517,0,0.05575,1,0,0.93958,5.22574,0,8827,0,199.75,228.91938,0,1,0.54234,0,9158,0,160000,0.30796,72559,87441,70820,89180,61444,98556,1
77.4488,76.76679,61.21174,0.01509,0,0.06838,1,0,0.38027,2.22898,0,2415,0,195.5,191.49717,0.00902,1.01639,0.88713,0,2615,0,160000,0.11293,63471,96529,63126,96874,62020,97980,1
118.23487,123.83254,106.18121,0.03581,0,0.06862,1,0,1.78731,7.04987,0,5729,0,199.75,218.77405,0,1.00901,0.60355,0,5851,0,160000,0.22272,61686,98314,57378,102622,56520,103480,1
130.14394,129.72241,116.95602,0.02589,0,0.0826,1,0,0.28019,2.44013,0,4143,0,199.75,222.09926,0,1.00389,0.68032,0,4626,0,160000,0.17336,86065,73935,88247,71753,85193,74807,1
102.41361,92.74389,93.91686,0.02728,0,0.07789,1,0,1.66629,8.68258,0,4364,0,187,207.93709,0.01587,1.02554,0.52506,0,4691,0,160000,0.18054,82855,77145,75275,84725,75759,84241,1
111.40123,115.54558,108.64359,0.02158,0,0.06537,1,0,1.01712,7.72973,0,3453,0,191.5,211.52975,0.00184,1.00828,0.37195,0,3766,0,160000,0.15023,89572,70428,87042,72958,83665,76335,1
121.63118,127.94131,111.50129,0.03986,0,0.05755,1,0,0.25491,2.00713,0,6378,0,199,225.19954,0.00038,1.00117,0.62521,0,10788,0,160000,0.24166,65858,94142,63445,96555,69607,90393,1
122.01954,123.60397,117.97852,0.01828,0,0.03905,1,0,1.65999,9.43338,0,2925,0,199.75,228.91938,0,1,0.7917,0,3290,0,160000,0.13168,65204,94796,65358,94642,70245,89755,1
104.81806,106.14043,81.83569,0.04168,0,0.04962,1,0,1.26233,8.32113,0,6668,0,199.75,228.91938,0,1,0.56749,0,7055,0,160000,0.24992,50149,109851,49364,110636,47166,112834,1
110.81996,108.81281,106.41389,0.06761,0,0.03308,1,0,0.48858,9.16775,0,10818,0,199.75,228.91938,0,1,0.55455,0,11769,0,160000,0.35695,69737,90263,66064,93936,65359,94641,1
143.51143,140.58677,137.02719,0.03888,0,0.07546,1,0,1.09337,4.4977,0,6220,0,198.25,227.20054,0.00035,1.00046,0.62277,0,6759,0,160000,0.23711,98110,61890,93570,66430,91577,68423,1
133.43787,139.76072,132.88524,0.0436,0,0.04822,1,0,2.59971,76.71065,0,6976,0,199.75,227.19393,0,1.00023,0.46223,0,7115,0,160000,0.25856,80806,79194,79223,80777,79996,80004,1
105.00471,105.46611,98.91234,0.03247,0,0.089,1,0,0.92582,4.70279,0,5195,0,199.75,225.48189,0,1.00094,0.63385,0,5398,0,160000,0.20663,89820,70180,89630,70370,84545,75455,1
89.32096,95.19601,87.00558,0.01451,0,0.06341,1,0,0.26747,1.74867,0,2321,0,191,219.28178,0.01271,1.01693,0.6805,0,2586,0,160000,0.10937,79921,80079,79898,80102,76068,83932,1
122.55397,128.1364,99.67138,0.02833,0,0.04793,1,0,2.11656,16.86472,0,4532,0,199.75,228.91938,0,1,0.75772,0,4796,0,160000,0.18592,71638,88362,70280,89720,72842,87158,1
101.81623,91.61776,83.02129,0.02978,0,0.08061,1,0,0.75963,6.31916,0,4764,0,199.75,203.12332,0,1.00726,0.62662,0,5267,0,160000,0.19326,78918,81082,74961,85039,71986,88014,1
152.28922,173.8104,174.85259,0.01809,0,0.07418,1,0,0.6424,3.4654,0,2894,0,199.75,201.15023,0,1.08712,0.71308,0,3202,0,160000,0.13056,87011,72989,83263,76737,81194,78806,1
125.6121,131.48939,123.85385,0.05148,0,0.08893,1,0,1.17878,8.44088,0,8237,0,199.75,228.91938,0,1,0.69118,0,8931,0,160000,0.29266,71821,88179,71898,88102,71460,88540,1
154.15713,153.44169,144.13523,0.01914,0,0.04818,1,0,1.47607,7.63168,0,3062,0,199.75,210.72988,0,1.03243,0.71334,0,3332,0,160000,0.13657,96714,63286,92948,67052,90801,69199,1
104.60008,110.01506,90.88883,0.02472,0,0.06558,1,0,1.43441,5.22475,0,3955,0,199.75,226.62175,0,1.00042,0.80999,0,4174,0,160000,0.16717,57882,102118,55812,104188,59756,100244,1
120.68866,148.59093,106.16671,0.02641,0,0.0579,1,0,1.63673,8.43608,0,4225,0,199.75,228.91938,0,1,0.52212,0,4505,0,160000,0.17604,84129,75871,84863,75137,82709,77291,1
83.82386,88.06543,45.59319,0.11916,0,0.04413,1,0,0.37136,3.79247,0,19066,0,199.75,228.91938,0,1,0.15891,0,20507,0,160000,0.52695,67172,92828,68960,91040,56230,103770,1
113.83308,120.07878,103.05896,0.02866,0,0.08684,1,0,1.31065,12.21001,0,4585,0,193,202.51872,0.03224,1.08387,0.74151,0,4839,0,160000,0.18761,68916,91084,67972,92028,72289,87711,1
127.0077,151.05453,91.7833,0.02249,0,0.05141,1,0,0.84155,4.81874,0,3598,0,199.75,228.91938,0,1,0.74552,0,3879,0,160000,0.15519,70214,89786,77784,82216,61871,98129,1
241.89394,241.16605,235.39686,0.02079,0,0.05257,1,0,0.76504,4.22148,0,3327,0,197,215.38299,0.00087,1.00116,0.92787,0,4564,0,160000,0.14587,117374,42626,116531,43469,117776,42224,1
147.04494,156.97137,143.60775,0.03669,0,0.06459,1,0,2.12426,11.13645,0,5871,0,199.75,228.91938,0,1,0.57545,0,6077,0,160000,0.22692,100873,59127,104280,55720,101875,58125,1
180.93191,181.77882,167.80016,0.01335,0,0.06024,1,0,0.75775,8.5784,0,2136,0,197.75,195.50639,0.01315,1.13832,0.72281,0,2541,0,160000,0.10226,79332,80668,80313,79687,76842,83158,1
111.91061,107.81274,105.37021,0.08964,0,0.10655,1,0,0.72319,5.59892,0,14343,0,199.75,228.91938,0,1,0.68667,0,15907,0,160000,0.43528,66273,93727,71081,88919,74741,85259,1
105.99924,113.69107,106.98795,0.0374,0,0.06043,1,0,1.58132,9.82639,0,5984,0,197.25,219.16071,-0.00146,1.00205,0.9487,0,6185,0,160000,0.23024,49375,110625,47855,112145,41769,118231,1
160.58848,154.63202,122.17661,0.03198,0,0.08768,1,0,0.8904,2.75253,0,5117,0,199.75,211.80042,0,1.00759,0.86906,0,5812,0,160000,0.20423,84601,75399,82301,77699,80976,79024,1
99.96888,97.08642,77.67209,0.01677,0,0.07426,1,0,0.83808,5.89893,0,2683,0,174.25,203.77459,0.12263,1.1618,0.77158,0,2815,0,160000,0.12289,61784,98216,62991,97009,53012,106988,1
151.24419,136.00111,130.9285,0.05202,0,0.09778,1,0,1.07483,3.79804,0,8323,0,199.75,228.91938,0,1,0.72975,0,8592,0,160000,0.29491,86928,73072,80172,79828,79822,80178,1
183.98112,180.87002,172.02641,0.01921,0,0.0671,1,0,0.52912,2.04194,0,3073,0,199.75,218.04224,0,1.00339,0.73427,0,3426,0,160000,0.13696,99533,60467,103356,56644,100910,59090,1
174.03479,173.61157,170.95268,0.02699,0,0.09411,1,0,1.40309,20.15203,0,4319,0,187.5,173.71576,0.06652,1.10049,0.81793,0,4903,0,160000,0.17908,87133,72867,84101,75899,78558,81442,1
161.80378,161.7285,158.06528,0.02789,0,0.04262,1,0,1.36497,40.22008,0,4462,0,199.75,228.91938,0,1,0.62152,0,4816,0,160000,0.18368,102613,57387,103682,56318,103913,56087,1
182.67012,149.87514,90.72243,0.01904,0,0.06798,1,0,1.25975,6.449,0,3046,0,199.75,202.12393,0,1.07993,0.73448,0,3172,0,160000,0.136,91137,68863,85044,74956,74020,85980,1
107.55835,101.22614,89.73294,0.06673,0,0.0641,1,0,2.96714,15.33395,0,10676,0,194.75,212.38507,0.01325,1.02936,0.37215,0,10915,0,160000,0.35358,64077,95923,62149,97851,61578,98422,1
171.06731,164.1451,158.60054,0.02961,0,0.08482,1,0,0.63374,3.88243,0,4737,0,199.75,228.91938,0,1,0.61463,0,5154,0,160000,0.19241,93250,66750,91523,68477,94659,65341,1
152.33237,138.99594,110.49833,0.03867,0,0.0614,1,0,1.66569,42.8427,0,6187,0,199.75,224.91424,0,1.00129,0.59784,0,6215,0,160000,0.23615,73225,86775,64216,95784,63086,96914,1
126.45161,145.29219,157.34569,0.03717,0,0.06239,1,0,0.78241,5.78764,0,5947,0,199.75,228.91938,0,1,0.53172,0,6132,0,160000,0.22916,74236,85764,72781,87219,117830,42170,1
94.99568,93.03433,85.03795,0.07645,0,0.04307,1,0,0.27074,4.01463,0,12232,0,199.75,228.34276,0,1.00003,0.49049,0,13903,0,160000,0.38955,70880,89120,72669,87331,66857,93143,1
92.41931,98.46037,81.47964,0.04447,0,0.03722,1,0,0.60985,8.14477,0,7115,0,199.75,228.91938,0,1,0.56008,0,7254,0,160000,0.26242,70904,89096,75753,84247,70904,89096,1
97.74694,90.49415,87.48492,0.03173,0,0.04749,1,0,0.45091,4.8396,0,5076,0,199.75,225.48189,0,1.00094,0.66946,0,5123,0,160000,0.20297,81752,78248,77914,82086,76167,83833,1
130.78939,144.24691,97.38126,0.02862,0,0.07521,1,0,1.1307,3.39502,0,4579,0,196.5,225.22914,0.00167,1.00222,0.80475,0,4878,0,160000,0.18742,65495,94505,71156,88844,61179,98821,1
142.79207,125.53529,118.34442,0.07474,0,0.05522,1,0,1.48303,14.89042,0,11959,0,199.75,228.91938,0,1,0.73102,0,12700,0,160000,0.38338,83449,76551,79402,80598,79366,80634,1
137.99772,136.76511,127.41409,0.01968,0,0.06076,1,0,0.7954,5.61714,0,3149,0,199.75,220.98435,0,1.00534,0.61749,0,3611,0,160000,0.13965,89240,70760,88952,71048,76729,83271,1
180.59932,162.23201,144.71411,0.10584,0,0.10142,1,0,0.84942,5.49639,0,16934,0,199.75,228.91938,0,1,0.63077,0,18368,0,160000,0.48723,83695,76305,74205,85795,70990,89010,1
128.90638,146.20836,114.0629,0.08196,0,0.03982,1,0,0.44726,4.70188,0,13114,0,199.75,228.91938,0,1,0.53893,0,14273,0,160000,0.40906,71485,88515,73719,86281,69058,90942,1
140.37392,163.52091,99.23023,0.02387,0,0.04995,1,0,0.8387,4.58997,0,3819,0,196.5,225.22914,0.00167,1.00222,0.73578,0,4102,0,160000,0.16264,79348,80652,81589,78411,64675,95325,1
134.10743,128.78298,130.98141,0.02642,0,0.05122,1,0,1.89423,9.06262,0,4227,0,199.75,224.91424,0,1.00129,0.81602,0,4626,0,160000,0.1761,91713,68287,91193,68807,92928,67072,1
105.69133,135.79816,75.98961,0.09072,0,0.04413,1,0,0.78254,7.16781,0,14515,0,199.75,228.91938,0,1,0.46703,0,14931,0,160000,0.43886,51947,108053,73869,86131,46569,113431,1
119.1072,118.14053,109.41177,0.04497,0,0.06112,1,0,1.08794,9.00031,0,7195,0,199.75,228.91938,0,1,0.34318,0,7690,0,160000,0.26463,90776,69224,89996,70004,84349,75651,1
183.32774,184.70058,138.32306,0.03981,0,0.05419,1,0,2.27422,25.59911,0,6369,0,199.5,228.63107,0.00001,1.00001,0.63043,0,6700,0,160000,0.2414,101154,58846,93552,66448,96371,63629,1
117.42153,116.05731,97.67832,0.03754,0,0.09125,1,0,1.67342,12.18047,0,6007,0,199.75,193.73027,0,1.11594,0.75816,0,6551,0,160000,0.23091,67015,92985,64779,95221,66583,93417,1
99.32479,99.06224,92.6652,0.03757,0,0.06283,1,0,0.75713,5.18064,0,6011,0,199.75,228.91938,0,1,0.29828,0,6099,0,160000,0.23103,86059,73941,77403,82597,75811,84189,1
135.41895,135.21319,125.18926,0.02007,0,0.08049,1,0,0.93762,6.5475,0,3211,0,184.75,189.57079,0.05131,1.06815,0.51178,0,3853,0,160000,0.14183,93767,66233,92931,67069,93453,66547,1
153.15008,128.72164,110.18567,0.02359,0,0.06546,1,0,1.25969,8.88456,0,3775,0,194.25,215.79639,0.00425,1.00578,0.73211,0,4453,0,160000,0.16117,64925,95075,55601,104399,51981,108019,1
164.88847,164.35988,160.24281,0.02262,0,0.06865,1,0,0.63372,4.39016,0,3619,0,199.75,204.52486,0,1.01679,0.82248,0,4036,0,160000,0.1559,100508,59492,94330,65670,87378,72622,1
131.51027,126.44152,105.50939,0.0486,0,0.03569,1,0,0.69718,5.54829,0,7776,0,199.75,227.19393,0,1.00023,0.63358,0,8083,0,160000,0.28042,80027,79973,80861,79139,76838,83162,1
108.28023,114.16208,85.96184,0.05777,0,0.09233,1,0,3.1902,25.45632,0,9243,0,199.75,228.91938,0,1,0.58664,0,9933,0,160000,0.31852,61145,98855,63510,96490,49162,110838,1
146.41381,137.72781,103.2093,0.02466,0,0.08553,1,0,1.16885,7.66417,0,3945,0,199.75,191.41948,0,1.16118,0.70239,0,4241,0,160000,0.16684,78502,81498,74661,85339,74046,85954,1
139.11048,130.52202,103.39739,0.05998,0,0.04626,1,0,0.54167,7.56749,0,9597,0,199.75,228.91938,0,1,0.4261,0,10077,0,160000,0.32737,69607,90393,65671,94329,59111,100889,1
182.51176,183.72626,180.64731,0.02484,0,0.07914,1,0,0.3347,1.18023,0,3975,0,197.75,211.99233,-0.00391,1.01478,0.75302,0,4065,0,160000,0.16783,105308,54692,110182,49818,105038,54962,1
113.36433,108.40232,102.29458,0.02117,0,0.04678,1,0,1.57969,8.84482,0,3387,0,199.75,227.19393,0,1.00023,0.38766,0,3765,0,160000,0.14795,72007,87993,66612,93388,63829,96171,1
153.76811,150.62941,147.74398,0.04767,0,0.06036,1,0,1.37178,5.82973,0,7627,0,199.75,228.91938,0,1,0.76587,0,8606,0,160000,0.27641,92813,67187,93910,66090,93582,66418,1
123.24922,129.70719,98.69885,0.02811,0,0.06829,1,0,1.74795,7.1558,0,4497,0,193.75,222.2073,0.00583,1.00777,0.86836,0,4950,0,160000,0.1848,68637,91363,67615,92385,69057,90943,1
110.85013,107.54394,90.72203,0.03032,0,0.08215,1,0,0.63891,3.42948,0,4851,0,199.75,228.91938,0,1,0.79181,0,5239,0,160000,0.19599,69940,90060,70068,89932,69815,90185,1
94.79398,93.98347,87.63184,0.02539,0,0.04166,1,0,0.92156,12.62701,0,4062,0,199.75,219.32415,0,1.00799,0.76259,0,4168,0,160000,0.1707,65954,94046,64692,95308,62030,97970,1
89.60242,97.10732,82.80803,0.09285,0,0.04761,1,0,0.57523,5.6439,0,14856,0,199.75,228.91938,0,1,0.47024,0,19266,0,160000,0.44591,63351,96649,64533,95467,62347,97653,1
170.67132,173.86241,89.83334,0.03031,0,0.04808,1,0,0.6884,8.23042,0,4850,0,199.75,228.91938,0,1,0.66236,0,5058,0,160000,0.19596,97152,62848,99347,60653,78913,81087,1
113.74861,113.23723,74.0004,0.08161,0,0.09328,1,0,1.41982,58.92258,0,13058,0,199.75,228.91938,0,1,0.57304,0,16708,0,160000,0.40784,88307,71693,91154,68846,78360,81640,1
70.25676,79.74994,58.89441,0.02784,0,0.04964,1,0,3.23923,35.22412,0,4455,0,193.5,216.63602,0.00186,1.00478,0.71136,0,6212,0,160000,0.18346,52760,107240,51990,108010,51883,108117,1
122.56171,118.10717,106.12821,0.01451,0,0.04632,1,0,0.42341,5.62568,0,2321,0,197.75,226.63351,0.00062,1.00083,0.46498,0,2624,0,160000,0.10937,77744,82256,77617,82383,76063,83937,1
96.31496,91.42411,77.47213,0.02727,0,0.05028,1,0,0.17875,2.50328,0,4363,0,199.75,223.78356,0,1.00216,0.81589,0,4428,0,160000,0.1805,49075,110925,48498,111502,47439,112561,1
152.76153,151.75236,112.26934,0.03836,0,0.04291,1,0,0.64797,7.67717,0,6138,0,199.75,228.91938,0,1,0.43523,0,6284,0,160000,0.23473,81317,78683,77734,82266,59241,100759,1
108.69444,114.14556,102.84561,0.02381,0,0.04677,1,0,0.90426,4.04082,0,3810,0,199.75,226.62175,0,1.00042,0.73124,0,3943,0,160000,0.16234,74883,85117,75220,84780,72943,87057,1
128.90731,129.26819,124.34117,0.01249,0,0.06241,1,0,-0.02069,1.32524,0,1999,0,199.75,217.13379,0,1.01243,0.37216,0,2116,0,160000,0.09691,69049,90951,65824,94176,76717,83283,1
98.92479,99.06666,74.8366,0.02801,0,0.0582,1,0,0.92318,3.05423,0,4481,0,199.75,228.91938,0,1,0.78668,0,4684,0,160000,0.18429,69017,90983,68998,91002,61910,98090,1
162.07295,161.06623,152.62934,0.01824,0,0.07195,1,0,1.24075,4.05222,0,2919,0,198.25,195.50043,0.00987,1.13809,0.77261,0,3235,0,160000,0.13146,79211,80789,79026,80974,75275,84725,1
134.22218,126.54298,91.72387,0.05079,0,0.03914,1,0,0.48949,4.50484,0,8126,0,199.75,224.91424,0,1.00129,0.61995,0,8381,0,160000,0.28973,66120,93880,54344,105656,44845,115155,1
95.91496,97.52958,79.69781,0.03429,0,0.05985,1,0,0.78775,4.44136,0,5486,0,199.75,219.87591,0,1.00705,0.68602,0,5714,0,160000,0.21546,61397,98603,67459,92541,63137,96863,1
128.62669,130.07411,115.29266,0.0214,0,0.04173,1,0,1.82708,17.42674,0,3424,0,199.75,228.34276,0,1.00003,0.75476,0,3846,0,160000,0.14923,82098,77902,81319,78681,81936,78064,1
97.78706,97.93496,88.44877,0.02804,0,0.08752,1,0,0.93686,5.43927,0,4486,0,199.75,208.13958,0,1.04395,0.82801,0,4919,0,160000,0.18445,70899,89101,68693,91307,68771,91229,1
99.11773,97.28629,79.2934,0.03027,0,0.06724,1,0,1.22861,2.97203,0,4843,0,199.75,228.91938,0,1,0.86859,0,5502,0,160000,0.19574,80316,79684,79738,80262,71892,88108,1
98.85793,88.69704,79.52433,0.03216,0,0.0655,1,0,1.3402,8.78547,0,5146,0,199.75,222.65912,0,1.00325,0.77161,0,5346,0,160000,0.20512,55528,104472,57528,102472,52337,107663,1
138.37151,140.61934,116.82451,0.01467,0,0.0581,1,0,0.61239,5.10805,0,2347,0,196.25,207.17726,0.00456,1.0076,0.499,0,2567,0,160000,0.11036,78483,81517,78421,81579,72843,87157,1
155.07405,149.16022,125.03927,0.04462,0,0.05835,1,0,3.02543,26.07599,0,7139,0,199.75,228.91938,0,1,0.59011,0,8287,0,160000,0.26308,85315,74685,72409,87591,68456,91544,1
136.62711,132.37908,107.15627,0.02069,0,0.05855,1,0,0.68372,5.7001,0,3310,0,198.75,216.05188,0.00197,1.01517,0.65218,0,3772,0,160000,0.14528,58735,101265,57880,102120,53617,106383,1
114.73093,117.21694,86.83647,0.02761,0,0.06308,1,0,1.43987,8.95601,0,4417,0,199.75,213.46292,0,1.00494,0.61612,0,4637,0,160000,0.18224,88025,71975,84927,75073,69138,90862,1
117.48532,121.50232,101.62233,0.02437,0,0.04929,1,0,2.11236,21.6969,0,3899,0,199.75,219.10519,0,1.00003,0.26005,0,3976,0,160000,0.16531,92043,67957,77247,82753,77613,82387,1
141.55933,146.31857,114.39108,0.01673,0,0.05608,1,0,1.20924,4.76565,0,2677,0,199.75,209.68806,0,1.0368,0.38464,0,2841,0,160000,0.12267,75622,84378,74543,85457,70156,89844,1
123.60738,123.34129,94.58391,0.01834,0,0.04615,1,0,0.57224,4.84933,0,2935,0,199.75,228.91938,0,1,0.63021,0,3159,0,160000,0.13204,70929,89071,71959,88041,66289,93711,1
137.10785,144.64343,106.29561,0.03132,0,0.04668,1,0,2.10099,11.71742,0,5011,0,198.5,226.9049,0.00015,1.00022,0.80913,0,5132,0,160000,0.20096,62731,97269,60376,99624,64360,95640,1
137.58996,130.58879,116.27736,0.03912,0,0.05688,1,0,2.16484,29.47397,0,6259,0,199.75,223.78356,0,1.00216,0.40587,0,6465,0,160000,0.23824,82176,77824,84275,75725,81763,78237,1
136.24883,139.67263,109.77091,0.03472,0,0.05759,1,0,1.87352,14.53404,0,5555,0,199.75,228.91938,0,1,0.77616,0,5711,0,160000,0.21753,80182,79818,81170,78830,76631,83369,1
140.04884,154.04488,140.27979,0.02723,0,0.04605,1,0,1.67817,30.62021,0,4357,0,199.75,225.48189,0,1.00094,0.67004,0,4538,0,160000,0.18031,85626,74374,86424,73576,79926,80074,1
118.61783,119.03278,94.64983,0.04816,0,0.05292,1,0,0.27183,2.96266,0,7705,0,199.75,228.91938,0,1,0.16226,0,8264,0,160000,0.27851,80419,79581,80686,79314,81970,78030,1
107.30362,103.56514,92.38691,0.03485,0,0.04845,1,0,1.4252,11.43183,0,5576,0,199.75,228.91938,0,1,0.63965,0,6466,0,160000,0.21816,69709,90291,67329,92671,66690,93310,1
133.14739,138.79524,132.12212,0.02868,0,0.06565,1,0,0.67711,5.31859,0,4589,0,199.75,228.91938,0,1,0.64671,0,4927,0,160000,0.18773,89427,70573,89701,70299,85409,74591,1
116.09029,123.41062,103.56539,0.027,0,0.07112,1,0,1.3371,14.4655,0,4320,0,199.75,198.56254,0,1.00975,0.70396,0,4427,0,160000,0.17912,71295,88705,68855,91145,65013,94987,1
146.70526,150.94945,146.99446,0.01508,0,0.07397,1,0,0.72217,5.3219,0,2413,0,186,172.58283,0.08445,1.1272,0.84394,0,2513,0,160000,0.11285,89726,70274,79007,80993,75276,84724,1
136.22699,132.45092,120.69214,0.02244,0,0.06857,1,0,1.20251,4.49209,0,3591,0,192,220.33422,0.00988,1.01316,0.76818,0,4593,0,160000,0.15495,96575,63425,97647,62353,100456,59544,1
119.42164,125.17587,117.48158,0.02266,0,0.0776,1,0,0.7267,2.91928,0,3625,0,199.75,205.13918,0,1.01817,0.64941,0,3974,0,160000,0.15611,88471,71529,88292,71708,89670,70330,1
107.47943,109.69182,98.44398,0.03749,0,0.04346,1,0,0.82951,7.83448,0,5999,0,199.75,224.91424,0,1.00129,0.47608,0,6320,0,160000,0.23068,79611,80389,76926,83074,80520,79480,1
124.58048,128.40839,107.23373,0.04153,0,0.05562,1,0,1.30377,8.9997,0,6644,0,199.75,228.91938,0,1,0.58038,0,6853,0,160000,0.24924,84686,75314,83179,76821,79996,80004,1
131.21047,154.32999,116.3585,0.01946,0,0.05298,1,0,2.16301,12.84198,0,3113,0,199.75,196.61829,0,1.00124,0.49434,0,3440,0,160000,0.13838,84393,75607,79853,80147,81561,78439,1
148.32769,156.14545,113.96729,0.01942,0,0.03831,1,0,0.29528,4.11226,0,3107,0,198,206.4546,-0.00548,1.03518,0.65109,0,3607,0,160000,0.13816,85731,74269,97342,62658,76420,83580,1
121.97285,134.03469,127.54142,0.02193,0,0.05552,1,0,1.05836,5.81208,0,3508,0,199.75,228.91938,0,1,0.81038,0,3703,0,160000,0.15212,84183,75817,84811,75189,83002,76998,1
94.19318,93.33701,71.61806,0.09114,0,0.05078,1,0,0.12957,5.34129,0,14582,0,199.75,228.91938,0,1,0.33662,0,15692,0,160000,0.44026,53021,106979,51583,108417,44920,115080,1
138.61723,143.46124,137.51558,0.01443,0,0.06725,1,0,0.46537,2.73768,0,2309,0,183.5,211.82422,0.04671,1.06204,0.64697,0,2627,0,160000,0.10891,83379,76621,82952,77048,80707,79293,1
126.10094,133.46701,104.62943,0.02546,0,0.05423,1,0,1.00421,8.90211,0,4074,0,194.75,223.29521,0.00401,1.00534,0.6174,0,4459,0,160000,0.1711,82141,77859,78512,81488,80478,79522,1
133.37956,135.99967,118.87219,0.01538,0,0.05805,1,0,0.30835,1.68225,0,2460,0,198.75,212.1338,-0.00231,1.02005,0.63584,0,2833,0,160000,0.11462,91161,68839,86083,73917,86798,73202,1
126.08837,117.49694,104.42503,0.01959,0,0.07,1,0,0.20195,3.79427,0,3135,0,193.5,200.43494,-0.01582,1.02662,0.64002,0,3966,0,160000,0.13915,79825,80175,81188,78812,82214,77786,1
142.40623,145.70509,124.24811,0.02573,0,0.05297,1,0,1.67986,13.58879,0,4117,0,199.75,228.91938,0,1,0.48107,0,4425,0,160000,0.17251,67234,92766,67067,92933,68990,91010,1
155.36044,152.41488,137.27525,0.04698,0,0.05479,1,0,2.21476,73.03665,0,7517,0,199.75,228.91938,0,1,0.37564,0,8677,0,160000,0.27343,93043,66957,91510,68490,72189,87811,1
106.84129,106.42454,95.1344,0.02142,0,0.06621,1,0,1.14918,7.9222,0,3427,0,199.5,217.4063,0.00043,1.01183,0.66374,0,4074,0,160000,0.14933,76703,83297,73663,86337,69085,90915,1
117.75831,129.01411,123.91726,0.0354,0,0.05148,1,0,0.91741,9.46053,0,5664,0,199.75,228.91938,0,1,0.56934,0,5894,0,160000,0.22079,100301,59699,102608,57392,94371,65629,1
76.1939,82.32367,64.89604,0.02731,0,0.06152,1,0,2.15096,23.96132,0,4369,0,199.75,188.50486,0,1,0.8155,0,4568,0,160000,0.1807,65147,94853,64899,95101,64230,95770,1
108.99974,114.19859,65.24548,0.03644,0,0.04645,1,0,2.19948,14.59351,0,5830,0,199.75,224.34813,0,1.00169,0.66945,0,5915,0,160000,0.22571,69487,90513,66500,93500,52330,107670,1
108.95281,119.19395,116.52876,0.07052,0,0.05395,1,0,2.43821,40.54124,0,11283,0,199.75,228.91938,0,1,0.63247,0,11909,0,160000,0.36786,100333,59667,106367,53633,94067,65933,2
127.5164,133.0887,135.68344,0.05401,0,0.07553,1,0,0.28084,3.95107,0,8641,0,199.75,198.42148,0,1.00409,0.78591,0,10005,0,160000,0.30318,103344,56656,102448,57552,100532,59468,2
104.85978,117.70438,131.71061,0.02522,0,0.03426,1,0,0.43631,3.01772,0,4035,0,199.75,224.34813,0,1.00169,0.62837,0,4058,0,160000,0.16982,104774,55226,104610,55390,104512,55488,2
104.32633,153.77454,188.52236,0.04879,0,0.10036,1,0,1.34315,8.57788,0,7806,0,195,192.19825,0.01154,1.02143,0.82205,0,8176,0,160000,0.28122,121743,38257,122374,37626,119071,40929,2
159.28323,164.18379,168.74003,0.06321,0,0.06713,1,0,1.82816,10.3991,0,10113,0,199.75,226.62175,0,1.00042,0.6176,0,10673,0,160000,0.34004,95851,64149,97100,62900,100059,59941,2
127.13739,125.02253,117.1215,0.07634,0,0.03039,1,0,0.27837,3.01302,0,12215,0,199.75,228.91938,0,1,0.18921,0,12950,0,160000,0.38916,98333,61667,95594,64406,85849,74151,2
123.38068,140.12898,71.28623,0.12339,0,0.04652,1,0,0.51573,5.40812,0,19742,0,199.75,206.60853,0,1.05182,0.75904,0,20840,0,160000,0.53902,97518,62482,107072,52928,87289,72711,2
94.72411,94.36173,73.7865,0.03193,0,0.04792,1,0,2.09377,23.28872,0,5109,0,199,228.05665,0.00009,1.00012,0.4029,0,7869,0,160000,0.20399,85135,74865,85725,74275,82329,77671,2
134.01404,126.06144,116.23196,0.05571,0,0.06236,1,0,0.90577,12.02947,0,8914,0,198,212.05227,0.00473,1.02775,0.80387,0,9337,0,160000,0.31018,95205,64795,85285,74715,75459,84541,2
115.64766,114.99002,107.13483,0.13064,0,0.04032,1,0,0.44344,3.08965,0,20903,0,199.75,228.91938,0,1,0.34598,0,21945,0,160000,0.5592,76530,83470,76379,83621,67443,92557,2
125.40718,117.93048,114.98105,0.08569,0,0.03845,1,0,0.7494,6.4729,0,13711,0,199.75,228.91938,0,1,0.37242,0,14080,0,160000,0.42193,85483,74517,80224,79776,80888,79112,2
129.22796,120.9524,108.7537,0.07152,0,0.0732,1,0,0.86479,18.88272,0,11443,0,199.75,228.91938,0,1,0.69268,0,12224,0,160000,0.37157,84551,75449,88345,71655,80754,79246,2
114.02986,111.06002,60.60763,0.04893,0,0.0898,1,0,2.66695,75.70813,0,7829,0,191,201.20678,0.00561,1.01145,0.79745,0,8276,0,160000,0.28184,76517,83483,98696,61304,55927,104073,2
131.38426,135.84489,134.39923,0.05783,0,0.03697,1,0,0.78831,7.76241,0,9253,0,199.75,226.62175,0,1.00042,0.67628,0,9592,0,160000,0.31877,101109,58891,104288,55712,98594,61406,2
132.35492,140.82096,106.38465,0.08782,0,0.03844,1,0,0.65914,5.99127,0,14051,0,199.75,187.64705,0,1.23841,0.50501,0,14949,0,160000,0.42915,82853,77147,106841,53159,62819,97181,2
150.54044,150.15361,143.31816,0.12136,0,0.033,1,0,0.69412,5.62352,0,19418,0,199.75,228.91938,0,1,0.55933,0,20867,0,160000,0.53326,80354,79646,79417,80583,77830,82170,2
147.72189,150.40148,156.74101,0.04191,0,0.0326,1,0,1.27839,13.18049,0,6706,0,199.75,208.65382,0,1.04149,0.50788,0,7541,0,160000,0.25099,104021,55979,103349,56651,103480,56520,2
138.26776,113.42679,74.922,0.03627,0,0.07057,1,0,0.42923,8.29798,0,5803,0,199.75,212.21471,0,1.00145,0.82129,0,6037,0,160000,0.22491,102968,57032,100059,59941,61244,98756,2
113.74863,119.84601,105.62178,0.13195,0,0.0431,1,0,0.60209,4.15406,0,21112,0,199.75,228.91938,0,1,0.18634,0,23529,0,160000,0.56276,82311,77689,81916,78084,74735,85265,2
176.74526,178.37959,179.75944,0.01854,0,0.06039,1,0,0.62433,3.306,0,2966,0,194,178.14741,0.07297,1.43145,0.6176,0,3134,0,160000,0.13315,74455,85545,75435,84565,81792,78208,2
140.59451,140.0538,132.34764,0.13589,0,0.03922,1,0,0.79533,5.44196,0,21742,0,199.75,228.91938,0,1,0.34073,0,23499,0,160000,0.57337,93382,66618,92512,67488,85406,74594,2
109.71153,121.98586,105.62102,0.04999,0,0.06304,1,0,2.18528,12.53696,0,7999,0,199.75,198.75383,0,1.10666,0.63093,0,8106,0,160000,0.28637,79656,80344,91532,68468,64845,95155,2
111.09683,108.84289,103.47597,0.11681,0,0.05116,1,0,0.34109,3.59071,0,18690,0,199.75,228.91938,0,1,0.45271,0,20447,0,160000,0.52013,101889,58111,101403,58597,95919,64081,2
121.72004,149.41418,177.58899,0.03923,0,0.08255,1,0,0.46247,3.53106,0,6276,0,199.75,209.16999,0,1.03911,0.56998,0,6532,0,160000,0.23873,109565,50435,107611,52389,105256,54744,2
103.09611,102.44707,99.29399,0.06847,0,0.06737,1,0,2.66387,14.90904,0,10955,0,199.75,207.62727,0,1.04649,0.57388,0,11967,0,160000,0.36018,84840,75160,94187,65813,96662,63338,2
139.4994,164.17556,181.64695,0.0284,0,0.08051,1,0,2.44684,13.46108,0,4544,0,196,181.72553,0.00929,1.01916,0.74946,0,4682,0,160000,0.1863,110237,49763,109283,50717,109032,50968,2
115.24534,112.35839,81.35931,0.07383,0,0.04188,1,0,1.19277,12.36144,0,11812,0,199.75,213.36686,0,1.02283,0.51126,0,13160,0,160000,0.38004,89355,70645,89525,70475,90808,69192,2
105.86991,107.65643,102.7292,0.1258,0,0.05165,1,0,1.00054,6.05747,0,20128,0,199.75,228.91938,0,1,0.58449,0,22891,0,160000,0.54581,79178,80822,78693,81307,71572,88428,2
116.94216,131.28733,148.12531,0.05026,0,0.06601,1,0,0.93125,4.48496,0,8041,0,199.75,228.91938,0,1,0.37677,0,8141,0,160000,0.28748,91725,68275,91368,68632,91841,68159,2
102.55551,101.16266,98.95546,0.07081,0,0.06064,1,0,1.06116,5.11654,0,11329,0,199.75,227.19393,0,1.00023,0.69712,0,12622,0,160000,0.36893,85212,74788,86177,73823,84344,75656,2
79.66108,83.90243,70.15019,0.05603,0,0.05127,1,0,4.34533,45.65272,0,8964,0,199.75,228.91938,0,1,0.64048,0,9334,0,160000,0.31146,61393,98607,65505,94495,59202,100798,2
177.0457,168.67494,163.57769,0.02515,0,0.06565,1,0,0.45554,3.04711,0,4024,0,196,195.77496,-0.00098,1.00217,0.79811,0,4124,0,160000,0.16945,111759,48241,112633,47367,113753,46247,2
123.70891,141.79091,153.56804,0.05244,0,0.11833,1,0,1.65975,8.90102,0,8391,0,191.25,193.62528,0.02796,1.04405,0.80497,0,9042,0,160000,0.29669,105896,54104,103572,56428,101533,58467,2
136.65994,130.74233,119.92234,0.07273,0,0.05224,1,0,1.50882,9.04682,0,11637,0,199.75,226.62175,0,1.00042,0.39388,0,12338,0,160000,0.37603,107962,52038,107286,52714,106413,53587,2
113.78044,109.29417,91.66709,0.07502,0,0.03829,1,0,0.40636,3.44664,0,12003,0,199.75,201.63602,0,1.08348,0.73393,0,12823,0,160000,0.38438,90653,69347,90311,69689,84026,75974,2
114.6783,120.52953,116.63644,0.06358,0,0.04606,1,0,2.97573,31.40601,0,10173,0,199.75,214.43433,0,1.01951,0.58375,0,10488,0,160000,0.3415,100913,59087,101339,58661,93249,66751,2
118.93424,112.01853,112.96795,0.01751,0,0.04645,1,0,0.28854,3.20314,0,2802,0,199.75,208.65382,0,1.04149,0.76291,0,2802,0,160000,0.12724,74024,85976,75463,84537,76166,83834,2
201.31962,184.69483,147.31272,0.03691,0,0.08321,1,0,0.74521,5.17697,0,5906,0,194.75,187.72697,-0.01019,1.01599,0.77753,0,6187,0,160000,0.22795,118050,41950,118689,41311,119075,40925,2
114.98653,122.03923,119.49856,0.03483,0,0.07935,1,0,1.62645,35.154,0,5572,0,190.75,208.42285,0.00497,1.01102,0.83684,0,6031,0,160000,0.21804,109358,50642,105415,54585,100230,59770,2
132.51924,118.60155,126.25936,0.04658,0,0.04571,1,0,2.12345,16.48097,0,7452,0,199.75,228.91938,0,1,0.59432,0,9504,0,160000,0.27167,88832,71168,80341,79659,87722,72278,2
131.49011,155.07267,109.18618,0.07806,0,0.04176,1,0,0.75934,5.53591,0,12489,0,199.75,228.91938,0,1,0.63728,0,13306,0,160000,0.39529,94332,65668,96783,63217,88750,71250,2
163.77558,145.14053,104.18334,0.03229,0,0.05772,1,0,2.38989,11.51113,0,5167,0,199.75,205.59771,0,1.05747,0.75927,0,5226,0,160000,0.20577,106054,53946,108276,51724,105299,54701,2
99.95275,99.85507,94.08977,0.11542,0,0.03181,1,0,0.50157,3.88507,0,18467,0,199.75,228.91938,0,1,0.60311,0,20015,0,160000,0.51605,89140,70860,89564,70436,86087,73913,2
109.13523,115.78723,82.28267,0.09991,0,0.05944,1,0,0.30363,4.43247,0,15986,0,199.75,228.91938,0,1,0.49011,0,17038,0,160000,0.46872,78549,81451,83524,76476,70511,89489,2
106.84489,116.15926,103.15168,0.08949,0,0.0422,1,0,0.21054,3.74252,0,14319,0,199.75,228.91938,0,1,0.32543,0,15994,0,160000,0.43478,76697,83303,78549,81451,64710,95290,2
102.7573,121.12544,91.55332,0.0274,0,0.0763,1,0,2.34696,15.04551,0,4384,0,186.75,196.60557,-0.00671,1.02404,0.84889,0,4459,0,160000,0.18118,71153,88847,82971,77029,52034,107966,2
102.03171,143.73539,156.6128,0.05016,0,0.06148,1,0,1.46175,16.11908,0,8025,0,199.25,212.21628,-0.00124,1.02311,0.78707,0,8463,0,160000,0.28706,99646,60354,93814,66186,90728,69272,2
150.43103,150.46649,119.28876,0.05262,0,0.06994,1,0,3.24738,25.42499,0,8419,0,199.75,219.87591,0,1.00705,0.83271,0,8663,0,160000,0.29742,96629,63371,107308,52692,83547,76453,2
89.35207,82.26363,47.82708,0.10091,0,0.0487,1,0,1.34941,17.6374,0,16146,0,199.75,228.91938,0,1,0.54088,0,16496,0,160000,0.47188,82013,77987,83563,76437,61981,98019,2
117.77153,113.85164,110.70131,0.02391,0,0.092,1,0,0.34824,2.90259,0,3826,0,188,150.66021,0.04419,1.05893,0.85297,0,4832,0,160000,0.16288,118937,41063,119420,40580,117544,42456,2
155.19444,145.66183,130.82038,0.07824,0,0.05614,1,0,5.18454,167.35808,0,12518,0,199.75,218.77405,0,1.00901,0.64855,0,13373,0,160000,0.39594,95147,64853,92144,67856,85410,74590,2
151.47314,177.73323,130.80957,0.05403,0,0.04241,1,0,3.4137,47.05468,0,8645,0,199.75,220.98435,0,1.00534,0.27811,0,9435,0,160000,0.30328,108858,51142,110684,49316,105898,54102,2
77.54789,102.16728,127.14293,0.05074,0,0.04833,1,0,2.72852,30.86536,0,8118,0,199.75,217.67885,0,1.01122,0.36436,0,8634,0,160000,0.28952,94613,65387,87027,72973,78494,81506,2
119.85578,139.04834,105.97503,0.05189,0,0.03428,1,0,0.49563,8.72147,0,8302,0,199.75,211.77917,0,1.02836,0.66763,0,8813,0,160000,0.29436,108985,51015,112946,47054,95673,64327,2
126.15533,125.59573,127.62186,0.02366,0,0.05429,1,0,0.62993,2.13311,0,3785,0,199.75,220.98435,0,1.00534,0.64261,0,3983,0,160000,0.1615,80215,79785,75779,84221,67601,92399,2
128.76269,146.03144,86.36522,0.19548,0,0.04277,1,0,0.54204,5.05201,0,31277,0,199.75,228.91938,0,1,0.30778,0,33589,0,160000,0.7128,97019,62981,100948,59052,85894,74106,2
99.08659,90.56983,78.20834,0.05886,0,0.04441,1,0,1.11925,11.88298,0,9418,0,199.75,220.98435,0,1.00534,0.6428,0,9634,0,160000,0.32291,95095,64905,92787,67213,85583,74417,2
121.33579,115.86441,112.22021,0.06783,0,0.06232,1,0,0.78192,6.09449,0,10853,0,199.75,228.91938,0,1,0.57025,0,11513,0,160000,0.35778,103006,56994,102905,57095,99401,60599,2
119.53432,136.18088,161.20876,0.04392,0,0.06186,1,0,0.31536,2.66424,0,7027,0,199.75,228.91938,0,1,0.7778,0,7127,0,160000,0.25998,94995,65005,92138,67862,90109,69891,2
130.78503,138.0164,142.24251,0.06817,0,0.03216,1,0,1.30064,8.73977,0,10907,0,199.75,228.91938,0,1,0.51965,0,11575,0,160000,0.35905,78565,81435,85414,74586,93647,66353,2
122.72258,137.67466,97.05715,0.05884,0,0.05053,1,0,1.83288,12.23859,0,9414,0,199.75,228.91938,0,1,0.7295,0,10057,0,160000,0.32281,103316,56684,97763,62237,75840,84160,2
104.45767,95.64303,59.90431,0.08448,0,0.05831,1,0,5.43619,184.29249,0,13516,0,199.75,228.91938,0,1,0.24692,0,14149,0,160000,0.41775,88666,71334,88853,71147,65219,94781,2
133.84386,158.00436,110.59681,0.07966,0,0.04343,1,0,0.85821,7.46477,0,12745,0,199.75,228.91938,0,1,0.65234,0,13348,0,160000,0.40097,96250,63750,99234,60766,89890,70110,2
113.17284,118.04973,117.69991,0.05625,0,0.05002,1,0,0.93355,9.34201,0,9000,0,199.75,228.91938,0,1,0.66964,0,9251,0,160000,0.31238,82813,77187,84312,75688,85244,74756,2
93.72388,99.47993,95.99053,0.0469,0,0.05195,1,0,0.7375,4.90288,0,7504,0,199.75,228.91938,0,1,0.607,0,7917,0,160000,0.27308,70598,89402,77720,82280,62834,97166,2
149.84729,131.43449,84.27554,0.07371,0,0.0364,1,0,0.40677,3.64994,0,11794,0,199.75,212.83581,0,1.0246,0.55146,0,12200,0,160000,0.37963,101431,58569,101169,58831,79938,80062,2
129.15482,135.12051,86.87249,0.04362,0,0.07209,1,0,1.85887,32.01113,0,6979,0,195.5,221.83966,0.00362,1.00494,0.84944,0,7077,0,160000,0.25864,88556,71444,90554,69446,91813,68187,2
183.88688,165.28929,130.98281,0.03269,0,0.07181,1,0,0.6427,4.27345,0,5231,0,193.5,221.9373,0.00634,1.00845,0.82349,0,6180,0,160000,0.20773,108547,51453,111206,48794,103450,56550,2
116.52878,102.36089,86.9061,0.02421,0,0.07513,1,0,1.31661,12.83801,0,3873,0,191,186.63378,0.02252,1.03092,0.84375,0,4037,0,160000,0.16445,85308,74692,85913,74087,83464,76536,2
150.77596,140.85718,119.36567,0.05474,0,0.04391,1,0,1.78952,15.06734,0,8759,0,199.75,208.65382,0,1.04149,0.73883,0,9442,0,160000,0.30622,93414,66586,100876,59124,93114,66886,2
138.8368,151.67595,95.40013,0.09988,0,0.03835,1,0,0.82755,6.8831,0,15980,0,199.75,228.91938,0,1,0.61741,0,17510,0,160000,0.4686,98220,61780,98887,61113,88768,71232,2
144.67834,141.54203,145.70379,0.03526,0,0.06782,1,0,2.00484,13.15438,0,5641,0,191.5,204.67739,-0.00747,1.01151,0.85579,0,6079,0,160000,0.2201,110763,49237,104042,55958,97228,62772,2
117.58108,124.92938,132.07925,0.03832,0,0.05696,1,0,0.5056,4.19157,0,6131,0,191.5,219.80635,0.01125,1.01498,0.57983,0,6481,0,160000,0.23453,75879,84121,88584,71416,88630,71370,2
97.58853,98.93825,109.78913,0.03556,0,0.05571,1,0,0.8372,4.0182,0,5689,0,190.75,212.034,0.0247,1.03781,0.51661,0,5793,0,160000,0.22153,99011,60989,96451,63549,78832,81168,2
69.77573,90.35103,109.93228,0.02689,0,0.04374,1,0,1.36106,21.46877,0,4303,0,199.75,220.98435,0,1.00534,0.68041,0,4409,0,160000,0.17857,87234,72766,89129,70871,85932,74068,2
153.33658,146.93857,143.08012,0.02368,0,0.05684,1,0,0.67866,5.28568,0,3788,0,198.5,206.17751,-0.001,1.00246,0.85796,0,3985,0,160000,0.1616,107946,52054,106543,53457,103751,56249,2
95.23716,88.20396,74.7713,0.11462,0,0.05728,1,0,1.54749,12.4239,0,18339,0,199.75,228.91938,0,1,0.39762,0,19824,0,160000,0.51369,88458,71542,89839,70161,88104,71896,2
144.2492,159.84719,169.51873,0.03848,0,0.06108,1,0,0.49132,8.97055,0,6156,0,198.5,207.59937,-0.00387,1.03461,0.84725,0,6188,0,160000,0.23526,111695,48305,109477,50523,108920,51080,2
71.61034,91.66468,109.27687,0.03379,0,0.04516,1,0,1.68498,14.45259,0,5406,0,199.75,213.8997,0,1.02113,0.38374,0,5798,0,160000,0.21304,87126,72874,89112,70888,85909,74091,2
103.31078,107.89903,92.71366,0.03384,0,0.04799,1,0,3.2274,48.40208,0,5415,0,199.75,212.83581,0,1.0246,0.56865,0,5490,0,160000,0.21332,83822,76178,86754,73246,75481,84519,2
93.83795,115.6196,67.00341,0.17509,0,0.04522,1,0,0.4021,5.52099,0,28015,0,199.75,228.91938,0,1,0.2479,0,29620,0,160000,0.66923,85578,74422,89444,70556,74209,85791,2
131.83534,143.35407,108.31258,0.08848,0,0.04592,1,0,0.30679,4.41335,0,14156,0,199.75,228.91938,0,1,0.44296,0,14470,0,160000,0.43136,94684,65316,93636,66364,78079,81921,2
91.66759,92.45528,61.75148,0.09431,0,0.05834,1,0,0.90503,12.82093,0,15090,0,199.75,228.91938,0,1,0.23705,0,16240,0,160000,0.4507,60276,99724,58120,101880,54325,105675,2
105.27899,105.27899,105.27899,0.01916,0,0.05636,1,0,1.28864,29.27676,0,3065,0,185.75,180.26023,0.0086,1.01835,0.59455,0,3221,0,160000,0.13668,59892,100108,59892,100108,59892,100108,2
108.51511,105.72594,97.46256,0.02988,0,0.03685,1,0,0.26772,2.48364,0,4781,0,199.75,220.42932,0,1.00616,0.63054,0,5008,0,160000,0.1938,85974,74026,86345,73655,86841,73159,2
80.30105,91.13011,59.85931,0.02942,0,0.04262,1,0,1.00841,7.6077,0,4707,0,198.75,216.47036,-0.00153,1.00931,0.75569,0,4812,0,160000,0.19147,76441,83559,87665,72335,67921,92079,2
143.90716,182.10129,214.23037,0.02574,0,0.0795,1,0,1.39203,7.65782,0,4119,0,194.75,177.26087,0.02399,1.06451,0.78156,0,4124,0,160000,0.17258,120286,39714,119836,40164,119197,40803,2
109.14828,97.91434,65.56801,0.13324,0,0.05461,1,0,0.78936,4.44676,0,21319,0,199.75,228.91938,0,1,0.28656,0,22982,0,160000,0.56627,90086,69914,86275,73725,76097,83903,2
103.88863,139.40261,175.1976,0.04349,0,0.09459,1,0,0.54376,27.89925,0,6959,0,193.25,199.15927,-0.00786,1.0105,0.80141,0,7474,0,160000,0.25809,112060,47940,107934,52066,105868,54132,2
121.82668,124.59108,88.79005,0.15214,0,0.03983,1,0,0.51693,4.23224,0,24343,0,199.75,228.91938,0,1,0.36031,0,25858,0,160000,0.61518,83562,76438,84791,75209,76959,83041,2
169.65594,193.45893,206.40743,0.03834,0,0.04683,1,0,2.37652,16.1688,0,6135,0,199.75,228.91938,0,1,0.5496,0,6491,0,160000,0.23465,97497,62503,98255,61745,105245,54755,2
98.4543,114.58301,134.01491,0.03152,0,0.10559,1,0,1.07232,3.58657,0,5043,0,199.75,161.66967,0,1.36326,0.74348,0,5153,0,160000,0.20195,125168,34832,120743,39257,118882,41118,2
84.10734,118.52304,150.41322,0.04086,0,0.07426,1,0,1.17925,9.92278,0,6537,0,199.75,184.54923,0,1.05288,0.82713,0,6635,0,160000,0.2462,116932,43068,111629,48371,104175,55825,2
111.56799,102.03388,57.83447,0.02787,0,0.0599,1,0,0.99975,5.25151,0,4459,0,196,197.80335,-0.01579,1.05972,0.82136,0,4473,0,160000,0.18359,87428,72572,86039,73961,77033,82967,2
110.34968,104.71611,100.88054,0.09803,0,0.04307,1,0,0.20432,3.32891,0,15685,0,199.75,228.91938,0,1,0.57581,0,16161,0,160000,0.46272,80734,79266,85758,74242,85423,74577,2
116.76596,112.94973,111.8209,0.06738,0,0.06104,1,0,1.68959,11.97224,0,10780,0,199.75,228.91938,0,1,0.49188,0,11591,0,160000,0.35605,83998,76002,81998,78002,84587,75413,2
150.97096,153.45138,157.29842,0.03316,0,0.05365,1,0,0.64802,6.5736,0,5305,0,197.5,213.87418,-0.00344,1.0095,0.56007,0,5867,0,160000,0.20998,112022,47978,111146,48854,96527,63473,2
118.27813,135.62708,165.01744,0.01903,0,0.06552,1,0,-0.33787,5.61649,0,3045,0,195,171.8735,-0.04868,1.26258,0.67139,0,3470,0,160000,0.13597,123259,36741,122076,37924,121538,38462,2
137.36363,130.04013,118.4167,0.12322,0,0.05062,1,0,0.82067,6.4278,0,19715,0,199.75,228.91938,0,1,0.46531,0,20544,0,160000,0.53854,91928,68072,88318,71682,74711,85289,2
125.26011,139.85186,172.32048,0.02636,0,0.06888,1,0,0.58089,5.12462,0,4218,0,196.5,196.46755,0.00421,1.00685,0.74596,0,4218,0,160000,0.17581,99015,60985,98567,61433,98103,61897,2
115.87979,111.99323,107.33783,0.12655,0,0.03868,1,0,0.20142,4.17257,0,20248,0,199.75,228.91938,0,1,0.60558,0,23235,0,160000,0.5479,79737,80263,78776,81224,78106,81894,2
140.70772,138.41965,131.47763,0.01636,0,0.07934,1,0,1.55423,5.96954,0,2618,0,199.75,109.91701,0,1.11657,0.81409,0,2618,0,160000,0.1205,87515,72485,87008,72992,90706,69294,2
142.8324,141.64516,115.15651,0.04541,0,0.07724,1,0,0.92302,5.23075,0,7266,0,199.75,215.31392,0,1.0093,0.80888,0,7429,0,160000,0.26658,78507,81493,78406,81594,81857,78143,2
80.90969,78.84519,64.10291,0.03739,0,0.04289,1,0,0.7162,3.83262,0,5982,0,199.75,225.48189,0,1.00094,0.53357,0,6133,0,160000,0.23018,86223,73777,89849,70151,70192,89808,2
112.33228,118.24982,101.99999,0.01876,0,0.05513,1,0,0.76048,5.58356,0,3001,0,199.75,210.59934,0,1.00588,0.7327,0,3358,0,160000,0.1344,75203,84797,76195,83805,85066,74934,2
168.53341,148.55833,140.11344,0.09287,0,0.10461,1,0,1.2866,6.5175,0,14859,0,198,226.91665,0.00048,1.00063,0.55197,0,15782,0,160000,0.44597,84682,75318,91318,68682,98445,61555,2
87.95519,113.24866,138.84523,0.03673,0,0.07386,1,0,0.93447,4.786,0,5876,0,197,225.78862,0.00119,1.00158,0.65222,0,6391,0,160000,0.22707,116312,43688,114508,45492,113523,46477,2
125.34161,124.88624,103.37731,0.11804,0,0.05589,1,0,0.87053,4.86327,0,18887,0,199.75,228.91938,0,1,0.47902,0,20363,0,160000,0.52371,73011,86989,75631,84369,68678,91322,3
122.28527,120.31668,60.36803,0.0585,0,0.06208,1,0,2.36896,24.19435,0,9360,0,199.75,228.91938,0,1,0.53991,0,9412,0,160000,0.32146,81076,78924,85176,74824,59164,100836,3
133.40271,138.56554,118.47926,0.04973,0,0.0376,1,0,0.86784,6.43975,0,7956,0,199.75,228.91938,0,1,0.74415,0,10003,0,160000,0.28523,80070,79930,80774,79226,71719,88281,3
115.18809,127.28986,76.82138,0.05921,0,0.06581,1,0,1.37058,6.41936,0,9474,0,199.75,194.58182,0,1.14752,0.49964,0,9672,0,160000,0.32431,72904,87096,75408,84592,79721,80279,3
102.03819,117.34924,99.70328,0.03998,0,0.03752,1,0,0.70888,5.76828,0,6397,0,199.75,228.91938,0,1,0.42002,0,6428,0,160000,0.24221,66573,93427,69277,90723,64902,95098,3
106.1266,112.11723,59.19703,0.09157,0,0.04527,1,0,0.65618,4.8104,0,14651,0,199.75,228.91938,0,1,0.50845,0,15422,0,160000,0.44168,74549,85451,75847,84153,58342,101658,3
138.49095,129.71527,73.50883,0.04624,0,0.097,1,0,1.30332,62.82467,0,7398,0,199.75,201.63602,0,1.08348,0.68855,0,8217,0,160000,0.27019,77024,82976,82179,77821,88162,71838,3
117.54508,129.2041,56.58318,0.04908,0,0.06437,1,0,1.38469,12.54141,0,7852,0,199.75,228.34276,0,1.00003,0.40468,0,8805,0,160000,0.28245,103061,56939,90503,69497,92498,67502,3
133.48253,125.6304,80.62418,0.09745,0,0.04687,1,0,0.96911,5.66612,0,15592,0,199.75,228.91938,0,1,0.35411,0,18466,0,160000,0.46086,75961,84039,71153,88847,55043,104957,3
91.98772,126.47619,77.565,0.05596,0,0.04588,1,0,1.1914,9.08588,0,8954,0,199.75,228.91938,0,1,0.64594,0,9782,0,160000,0.3112,75862,84138,86849,73151,66739,93261,3
96.51381,104.12092,91.31766,0.02976,0,0.05458,1,0,1.2944,11.76995,0,4761,0,199.75,222.09926,0,1.00389,0.71216,0,5031,0,160000,0.19317,71282,88718,72595,87405,58882,101118,3
107.69534,111.56258,82.18001,0.06273,0,0.05003,1,0,1.34406,7.23106,0,10036,0,199.75,228.91938,0,1,0.34302,0,10203,0,160000,0.33817,74939,85061,81391,78609,76137,83863,3
82.59677,100.80851,48.9243,0.04874,0,0.0416,1,0,0.46125,5.64445,0,7798,0,199.75,221.541,0,1.00459,0.57355,0,7798,0,160000,0.28101,73193,86807,85452,74548,66370,93630,3
118.49716,132.57223,108.54001,0.05084,0,0.10506,1,0,2.48765,22.24145,0,8135,0,191,195.52536,0.05789,1.1501,0.51871,0,8469,0,160000,0.28997,106726,53274,86068,73932,95824,64176,3
102.93416,116.13483,54.78202,0.0361,0,0.0981,1,0,1.99806,7.00208,0,5776,0,187.75,209.62844,0.03904,1.05616,0.5656,0,5829,0,160000,0.22412,66627,93373,80129,79871,63483,96517,3
113.43136,127.43576,90.15558,0.06391,0,0.05017,1,0,2.14608,23.48673,0,10226,0,199.75,228.91938,0,1,0.3994,0,10480,0,160000,0.34278,89145,70855,98166,61834,66833,93167,3
72.60088,90.79515,43.72745,0.04668,0,0.03907,1,0,1.81777,30.16335,0,7468,0,199.75,228.91938,0,1,0.74245,0,7783,0,160000,0.2721,70103,89897,71957,88043,67966,92034,3
129.79938,132.21124,90.92904,0.03168,0,0.05833,1,0,1.45164,11.48195,0,5069,0,199.75,228.91938,0,1,0.54014,0,5390,0,160000,0.20275,70154,89846,69055,90945,55366,104634,3
140.15639,162.3749,48.61921,0.03077,0,0.07518,1,0,1.94597,10.34497,0,4923,0,199.75,190.15892,0,1.04466,0.68926,0,4979,0,160000,0.19823,107314,52686,105960,54040,72782,87218,3
135.46374,147.75528,116.18347,0.04498,0,0.06034,1,0,2.29514,27.61503,0,7197,0,196.5,225.22914,0.00167,1.00222,0.86285,0,7301,0,160000,0.26468,110355,49645,105187,54813,107012,52988,3
100.09766,119.37796,63.68513,0.05086,0,0.05326,1,0,1.18065,7.71127,0,8138,0,199.75,228.91938,0,1,0.76904,0,8975,0,160000,0.29005,69171,90829,73159,86841,58863,101137,3
102.12735,122.9574,63.36193,0.06995,0,0.05979,1,0,0.6466,5.00466,0,11192,0,199.75,228.91938,0,1,0.69248,0,11803,0,160000,0.36574,95109,64891,77164,82836,80479,79521,3
148.58704,154.97096,90.02426,0.03714,0,0.0492,1,0,1.28343,5.86401,0,5943,0,199.75,219.32415,0,1.00799,0.66678,0,5993,0,160000,0.22904,78910,81090,85852,74148,70020,89980,3
109.50383,118.53555,83.56483,0.06854,0,0.04158,1,0,0.61199,6.77075,0,10966,0,199.75,228.91938,0,1,0.39044,0,11754,0,160000,0.36044,70755,89245,74668,85332,59263,100737,3
116.04331,144.66105,85.50553,0.04616,0,0.08126,1,0,3.1145,27.89772,0,7386,0,199.75,205.54095,0,1.01136,0.58416,0,7474,0,160000,0.26987,67265,92735,65351,94649,78078,81922,3
110.63227,126.68353,61.30714,0.03926,0,0.10108,1,0,3.27171,41.9012,0,6281,0,199.75,228.91938,0,1,0.58454,0,6317,0,160000,0.23887,64468,95532,82433,77567,63758,96242,3
122.85109,135.88691,62.89088,0.04169,0,0.0834,1,0,1.96504,25.28037,0,6670,0,190.75,219.02074,0.01348,1.01795,0.68157,0,6796,0,160000,0.24998,83024,76976,93970,66030,69768,90232,3
95.46916,96.39892,61.55908,0.08073,0,0.04786,1,0,-0.01901,3.12207,0,12917,0,199.75,228.91938,0,1,0.64548,0,13906,0,160000,0.40475,64448,95552,68520,91480,56020,103980,3
60.67296,95.7097,16.60238,0.04859,0,0.07864,1,0,0.6025,3.51761,0,7774,0,199.75,227.19393,0,1.00023,0.77331,0,8041,0,160000,0.28037,58297,101703,68894,91106,37778,122222,3
104.52005,130.99524,99.00904,0.04376,0,0.0444,1,0,2.23578,14.17644,0,7002,0,199.75,195.49275,0,1.1378,0.53692,0,7045,0,160000,0.25928,92567,67433,86703,73297,85459,74541,3
94.10419,100.13723,56.19944,0.07856,0,0.05278,1,0,0.59448,4.74314,0,12570,0,199.75,228.91938,0,1,0.22728,0,13485,0,160000,0.39709,66301,93699,77870,82130,54294,105706,3
95.25476,112.87573,71.95668,0.04016,0,0.08307,1,0,1.05812,7.90196,0,6426,0,199.75,198.75383,0,1.10666,0.66127,0,7026,0,160000,0.24304,59125,100875,58189,101811,62433,97567,3
124.32107,138.47632,65.93503,0.05034,0,0.0658,1,0,1.99675,19.56307,0,8055,0,196.5,225.22914,0.00167,1.00222,0.4341,0,8506,0,160000,0.28786,85884,74116,83753,76247,77788,82212,3
118.9203,135.60531,77.32864,0.05003,0,0.06608,1,0,0.42118,7.57314,0,8005,0,199.75,228.91938,0,1,0.41956,0,8116,0,160000,0.28653,74734,85266,73586,86414,76692,83308,3
116.6789,130.12055,70.8528,0.05469,0,0.06299,1,0,-0.56017,2.2578,0,8750,0,199.75,228.91938,0,1,0.57007,0,8880,0,160000,0.30598,65992,94008,68878,91122,75520,84480,3
112.02743,128.04938,91.32596,0.05094,0,0.04726,1,0,0.97592,6.61909,0,8151,0,199.75,228.91938,0,1,0.56402,0,8680,0,160000,0.29039,67156,92844,74676,85324,65519,94481,3
108.95534,131.22951,68.48189,0.03493,0,0.03648,1,0,0.55932,4.90689,0,5588,0,199.75,186.82635,0,1.25138,0.64758,0,5713,0,160000,0.21852,71503,88497,70368,89632,69272,90728,3
98.24075,121.8769,74.36952,0.0343,0,0.07164,1,0,1.39879,13.2622,0,5488,0,190,203.56367,-0.00517,1.01317,0.73843,0,6904,0,160000,0.21552,74441,85559,71315,88685,79819,80181,3
112.22008,109.26431,26.39091,0.04829,0,0.05374,1,0,1.04249,4.0074,0,7727,0,199.75,228.91938,0,1,0.69626,0,7727,0,160000,0.2791,87598,72402,83912,76088,60804,99196,3
61.59417,71.71231,40.09973,0.03073,0,0.05794,1,0,0.88081,11.82932,0,4917,0,199.75,211.77917,0,1.02836,0.82419,0,5057,0,160000,0.19805,70439,89561,67733,92267,48687,111313,3
58.67599,94.45536,47.95399,0.06275,0,0.05827,1,0,1.92101,12.37356,0,10040,0,199.75,228.91938,0,1,0.59167,0,10638,0,160000,0.33827,68241,91759,63259,96741,63661,96339,3
115.241,137.94509,76.71004,0.05105,0,0.046,1,0,0.95037,7.53975,0,8168,0,199.75,228.91938,0,1,0.70824,0,8249,0,160000,0.29084,101419,58581,88407,71593,90388,69612,3
76.10779,93.84661,44.33583,0.04572,0,0.04023,1,0,0.79559,7.49958,0,7315,0,199.75,228.91938,0,1,0.56581,0,8536,0,160000,0.26792,55058,104942,66815,93185,42779,117221,3
104.0015,125.44379,78.87097,0.10566,0,0.05156,1,0,1.5531,11.07139,0,16905,0,199.75,228.91938,0,1,0.5788,0,17525,0,160000,0.48667,84796,75204,90797,69203,85922,74078,3
105.79207,132.20118,66.80914,0.04384,0,0.06399,1,0,0.47558,8.04379,0,7015,0,199.25,222.65987,0.00044,1.00328,0.69606,0,7200,0,160000,0.25965,68725,91275,75257,84743,82895,77105,3
137.88199,143.05415,102.33399,0.07846,0,0.05116,1,0,2.50977,27.12585,0,12553,0,199.75,228.91938,0,1,0.48615,0,13329,0,160000,0.39672,81613,78387,93856,66144,74455,85545,3
78.40543,98.61496,57.79704,0.08594,0,0.06951,1,0,2.09609,10.58691,0,13751,0,199.75,217.67885,0,1.01122,0.51632,0,14211,0,160000,0.42278,63010,96990,69314,90686,60888,99112,3
83.78274,101.62139,54.36624,0.06743,0,0.07025,1,0,2.02412,19.61826,0,10788,0,199.75,225.48189,0,1.00094,0.45777,0,11074,0,160000,0.35624,69273,90727,72373,87627,55599,104401,3
106.61415,133.37324,69.14453,0.10221,0,0.05749,1,0,1.09527,6.80451,0,16354,0,199.75,227.76761,0,1.0001,0.32555,0,17255,0,160000,0.47597,86950,73050,84884,75116,67665,92335,3
87.08727,90.98527,30.79684,0.06523,0,0.07869,1,0,2.24843,33.99898,0,10437,0,199.75,198.28116,0,1.11083,0.44183,0,11891,0,160000,0.34787,56066,103934,50307,109693,56222,103778,3
126.98959,125.51104,63.13312,0.08363,0,0.06237,1,0,1.53105,7.62254,0,13380,0,199.75,228.91938,0,1,0.79796,0,15241,0,160000,0.41483,71289,88711,60863,99137,48567,111433,3
107.60434,102.98978,74.73673,0.07398,0,0.04212,1,0,0.64741,4.34173,0,11836,0,199.75,228.91938,0,1,0.42317,0,12411,0,160000,0.38059,72138,87862,76180,83820,65997,94003,3
147.01347,145.86604,82.73497,0.05374,0,0.04112,1,0,1.24992,5.52597,0,8598,0,199.75,203.6003,0,1.06979,0.55516,0,8698,0,160000,0.30207,87420,72580,95732,64268,85933,74067,3
85.79695,99.15018,47.97893,0.05333,0,0.05236,1,0,1.48699,14.70212,0,8532,0,199.75,228.91938,0,1,0.61829,0,9090,0,160000,0.30036,67033,92967,62780,97220,66202,93798,3
172.93926,186.0758,117.66931,0.03068,0,0.03858,1,0,1.21302,15.37246,0,4909,0,199.75,228.91938,0,1,0.49498,0,4909,0,160000,0.1978,91156,68844,92093,67907,82323,77677,3
111.20214,132.06889,87.55118,0.09564,0,0.03464,1,0,1.06865,8.57134,0,15303,0,199.75,228.91938,0,1,0.68245,0,15696,0,160000,0.45503,77303,82697,70700,89300,62813,97187,3
118.73136,124.25154,93.25457,0.0544,0,0.0459,1,0,1.55289,13.0086,0,8704,0,199.75,200.18512,0,1.09467,0.66797,0,9648,0,160000,0.3048,82904,77096,82807,77193,61554,98446,3
106.48753,119.41931,52.8441,0.03701,0,0.05395,1,0,1.18248,5.13853,0,5922,0,199.75,217.13379,0,1.01243,0.63716,0,6014,0,160000,0.22842,82916,77084,61132,98868,71493,88507,3
119.2574,117.59303,55.12068,0.04813,0,0.09591,1,0,1.45643,19.21799,0,7700,0,199.75,177.26275,0,1.0137,0.81802,0,7833,0,160000,0.27838,77084,82916,69704,90296,51157,108843,3
99.11449,105.28241,29.92698,0.06389,0,0.07145,1,0,2.60146,29.70656,0,10223,0,199.75,228.91938,0,1,0.733,0,10412,0,160000,0.34271,67985,92015,69417,90583,41134,118866,3
66.75548,109.02593,65.56155,0.07836,0,0.07018,1,0,2.20255,28.75355,0,12537,0,195.75,196.98583,-0.01718,1.06186,0.71553,0,13285,0,160000,0.39636,41526,118474,54012,105988,80118,79882,3
104.73224,119.75491,70.10949,0.05539,0,0.05898,1,0,2.20432,10.7316,0,8863,0,199.25,216.52656,-0.00085,1.01137,0.71515,0,9154,0,160000,0.30888,68498,91502,73691,86309,53924,106076,3
142.26558,138.75488,89.32385,0.04687,0,0.04213,1,0,1.0159,6.54198,0,7499,0,199.75,204.09659,0,1.06658,0.62774,0,7599,0,160000,0.27294,83582,76418,92871,67129,84899,75101,3
133.9933,150.04234,109.68171,0.05502,0,0.04497,1,0,2.68787,17.62841,0,8803,0,199.75,206.60853,0,1.05182,0.50616,0,9018,0,160000,0.30735,108306,51694,105865,54135,95713,64287,3
79.64034,119.09687,73.919,0.03315,0,0.06366,1,0,1.76058,5.65355,0,5304,0,199.75,226.05106,0,1.00065,0.67458,0,5408,0,160000,0.20995,70042,89958,72097,87903,86096,73904,3
89.55239,113.70816,74.47704,0.11708,0,0.06504,1,0,0.44032,2.79638,0,18733,0,199.75,228.91938,0,1,0.34159,0,19806,0,160000,0.52091,69163,90837,83421,76579,74876,85124,3
110.47798,125.73454,84.82633,0.04711,0,0.07989,1,0,1.77239,7.004,0,7537,0,199.75,217.13379,0,1.01243,0.66908,0,7934,0,160000,0.27397,82539,77461,77224,82776,72625,87375,3
116.60534,135.92737,53.31909,0.06641,0,0.05582,1,0,1.07131,6.38022,0,10625,0,199.75,228.91938,0,1,0.52562,0,11069,0,160000,0.35237,82065,77935,73609,86391,77824,82176,3
99.91135,119.36837,72.46209,0.05865,0,0.06279,1,0,0.66591,3.43886,0,9384,0,199.75,228.91938,0,1,0.28178,0,10698,0,160000,0.32206,64934,95066,72194,87806,63529,96471,3
138.09788,126.30702,44.67202,0.05888,0,0.05207,1,0,5.05686,52.92167,0,9421,0,199.75,218.22561,0,1.01008,0.59906,0,9857,0,160000,0.32299,86401,73599,74940,85060,89090,70910,3
112.34288,137.32806,51.90307,0.0535,0,0.03594,1,0,2.94023,43.87494,0,8560,0,199.75,228.91938,0,1,0.7634,0,9100,0,160000,0.30108,60545,99455,78698,81302,67869,92131,3
129.6621,152.60815,108.43539,0.04524,0,0.04501,1,0,0.61299,3.33598,0,7239,0,199.75,211.77917,0,1.02836,0.70669,0,7328,0,160000,0.26584,71754,88246,115198,44802,94799,65201,3
54.55647,91.4193,31.48404,0.03813,0,0.05372,1,0,2.12302,23.03304,0,6101,0,199.75,222.62918,0,1.00218,0.81088,0,6181,0,160000,0.23366,58257,101743,62973,97027,45738,114262,3
132.81288,150.92813,68.42056,0.03796,0,0.05668,1,0,1.45903,8.3035,0,6073,0,199.75,220.98435,0,1.00534,0.68859,0,6213,0,160000,0.23284,96896,63104,84655,75345,79979,80021,3
132.81432,147.31009,72.41218,0.03965,0,0.05014,1,0,1.38823,9.45666,0,6344,0,199.75,202.61396,0,1.07646,0.65163,0,6547,0,160000,0.24069,74236,85764,76572,83428,80861,79139,3
110.60256,123.63722,74.47348,0.02936,0,0.04284,1,0,0.48093,4.62642,0,4698,0,193.75,222.2073,0.00583,1.00777,0.35741,0,4973,0,160000,0.19118,81872,78128,72304,87696,65208,94792,3
110.61791,122.48344,80.98547,0.03683,0,0.03927,1,0,1.25173,7.15148,0,5893,0,199.75,228.91938,0,1,0.53143,0,6095,0,160000,0.22757,86882,73118,89431,70569,79768,80232,3
116.17505,150.91091,95.97209,0.03796,0,0.04999,1,0,2.05079,47.96625,0,6074,0,199.75,228.34276,0,1.00003,0.57427,0,6385,0,160000,0.23287,90521,69479,83259,76741,73303,86697,3
101.44427,122.74741,89.95458,0.02743,0,0.07936,1,0,1.13924,14.37876,0,4388,0,191.75,203.58229,0.0177,1.02513,0.6832,0,4785,0,160000,0.18131,114150,45850,57893,102107,114801,45199,3
92.45927,130.76204,87.89141,0.1266,0,0.0566,1,0,0.74445,7.18298,0,20256,0,199.75,228.91938,0,1,0.43601,0,21456,0,160000,0.54804,68223,91777,75920,84080,65853,94147,3
80.11266,103.08603,82.97663,0.05644,0,0.04754,1,0,2.18691,13.65609,0,9031,0,199.75,228.91938,0,1,0.65879,0,9356,0,160000,0.31316,46521,113479,107470,52530,72655,87345,3
138.94194,160.09531,62.28896,0.04158,0,0.0718,1,0,1.54624,12.42719,0,6652,0,199.75,202.36127,0,1,0.78048,0,6814,0,160000,0.24947,97925,62075,95089,64911,79464,80536,3
89.04091,93.58202,30.11616,0.07374,0,0.04774,1,0,2.35211,15.75452,0,11798,0,199.75,228.91938,0,1,0.72854,0,12082,0,160000,0.37972,66993,93007,73951,86049,42472,117528,3
90.54981,130.69574,71.45325,0.04286,0,0.07569,1,0,2.98617,34.99222,0,6858,0,189.75,217.9849,0.01679,1.02235,0.67038,0,7011,0,160000,0.25527,106515,53485,85959,74041,93047,66953,3
119.18286,127.25456,56.30669,0.02963,0,0.07539,1,0,1.48612,11.83384,0,4740,0,199.75,228.91938,0,1,0.6549,0,4825,0,160000,0.19251,68497,91503,71030,88970,67520,92480,3
73.90969,122.45258,44.87259,0.03331,0,0.06238,1,0,1.22927,9.08172,0,5329,0,199.75,228.91938,0,1,0.62772,0,5760,0,160000,0.21071,53501,106499,82681,77319,53081,106919,3
153.56874,145.14363,74.31275,0.06041,0,0.05104,1,0,3.41874,45.56408,0,9666,0,199.75,219.87591,0,1.00705,0.49906,0,10433,0,160000,0.32908,75819,84181,76977,83023,64389,95611,3
114.17912,112.26327,63.21225,0.07023,0,0.06182,1,0,1.05406,26.52846,0,11236,0,199.75,228.91938,0,1,0.37135,0,11652,0,160000,0.36676,65044,94956,69595,90405,56967,103033,3
88.63629,98.85082,63.02267,0.05155,0,0.04787,1,0,0.33059,3.92261,0,8248,0,199.75,228.91938,0,1,0.37085,0,8272,0,160000,0.29295,70596,89404,72431,87569,65401,94599,3
117.44256,124.98999,31.05733,0.03888,0,0.05076,1,0,2.88211,62.54359,0,6220,0,199.75,228.91938,0,1,0.85346,0,6384,0,160000,0.23711,91200,68800,84055,75945,29974,130026,3
73.32496,89.92202,35.98584,0.06007,0,0.05647,1,0,0.86197,4.98033,0,9611,0,199.75,228.91938,0,1,0.64709,0,10290,0,160000,0.32772,71645,88355,79162,80838,59291,100709,3
95.35899,106.09268,57.55539,0.06763,0,0.08032,1,0,2.13351,20.56962,0,10820,0,194.5,196.43532,-0.02027,1.05176,0.78275,0,12479,0,160000,0.357,45852,114148,44708,115292,50995,109005,3
52.20344,55.44393,30.91082,0.03462,0,0.05004,1,0,1.13994,9.82635,0,5539,0,199.75,228.91938,0,1,0.79742,0,5952,0,160000,0.21705,49640,110360,56012,103988,38280,121720,3
142.36833,163.19964,111.16678,0.05388,0,0.05646,1,0,0.76005,4.10403,0,8621,0,199.75,228.91938,0,1,0.59344,0,8806,0,160000,0.30266,69611,90389,69933,90067,54249,105751,3
125.04797,142.79021,50.20124,0.06276,0,0.03578,1,0,0.1912,4.01871,0,10041,0,199.75,228.91938,0,1,0.3449,0,10229,0,160000,0.33829,74766,85234,94028,65972,62030,97970,3
137.89028,142.67367,81.33571,0.04359,0,0.04438,1,0,1.26634,12.3176,0,6974,0,199.75,228.91938,0,1,0.31336,0,7011,0,160000,0.25851,78226,81774,76340,83660,61138,98862,3
115.19263,131.48835,72.29966,0.05384,0,0.08983,1,0,3.77277,68.83248,0,8614,0,199.75,171.77044,0,1.00041,0.70413,0,8936,0,160000,0.30248,71004,88996,70386,89614,76438,83562,3
129.85565,136.09748,109.24652,0.05818,0,0.06016,1,0,1.04868,4.45625,0,9309,0,199.75,228.91938,0,1,0.69889,0,9893,0,160000,0.32018,98831,61169,98987,61013,84950,75050,3
91.92477,124.6071,58.31395,0.11508,0,0.10287,1,0,3.07108,32.29263,0,18413,0,195.75,224.39567,0.00254,1.00339,0.64831,0,19501,0,160000,0.51505,67142,92858,70902,89098,52559,107441,3
77.01689,124.64608,62.33974,0.05434,0,0.0724,1,0,0.69717,4.03332,0,8694,0,197.25,212.47921,-0.0042,1.01137,0.58919,0,9402,0,160000,0.30454,71658,88342,76854,83146,71538,88462,3
87.1841,116.79756,56.12921,0.11652,0,0.08812,1,0,1.99069,22.49826,0,18643,0,196.25,224.95055,0.00194,1.00258,0.53976,0,19867,0,160000,0.51927,68422,91578,76664,83336,54055,105945,3
86.05883,118.13645,67.05426,0.05629,0,0.07439,1,0,1.3973,12.30295,0,9006,0,195.75,210.14697,-0.00615,1.01063,0.65913,0,9584,0,160000,0.31253,67259,92741,66799,93201,72105,87895,3
117.06618,127.38448,91.13279,0.05808,0,0.05559,1,0,5.03638,97.35501,0,9292,0,199.75,226.62175,0,1.00042,0.86063,0,9973,0,160000,0.31976,112663,47337,55137,104863,110909,49091,3
118.64656,134.29706,61.43642,0.07537,0,0.04187,1,0,0.9081,9.02605,0,12059,0,199.75,228.91938,0,1,0.30581,0,12769,0,160000,0.38565,82971,77029,83623,76377,69669,90331,3
96.34859,120.0861,82.39434,0.04148,0,0.04065,1,0,1.09764,6.56584,0,6636,0,199.75,219.32415,0,1.00799,0.74556,0,6840,0,160000,0.24901,94954,65046,79207,80793,109671,50329,3
88.5331,113.07743,73.9935,0.0454,0,0.04734,1,0,0.63099,2.95776,0,7264,0,199.75,228.91938,0,1,0.54439,0,7567,0,160000,0.26653,61151,98849,69853,90147,68582,91418,3
102.06447,119.97466,73.9543,0.06168,0,0.04549,1,0,0.30569,4.63771,0,9869,0,199.75,228.91938,0,1,0.41638,0,10308,0,160000,0.33408,63965,96035,74579,85421,45336,114664,3
96.88956,130.26462,47.33044,0.04366,0,0.0478,1,0,2.90377,15.63714,0,6986,0,199.75,228.91938,0,1,0.30383,0,7072,0,160000,0.25884,66820,93180,71383,88617,54728,105272,3
126.10131,132.34067,50.74281,0.06043,0,0.08306,1,0,4.8374,142.96745,0,9669,0,199.75,183.41869,0,1.00479,0.78617,0,10296,0,160000,0.32915,67563,92437,59711,100289,48663,111337,3
98.50688,138.03789,71.51034,0.04346,0,0.05265,1,0,1.59048,23.1914,0,6953,0,199.75,228.91938,0,1,0.56739,0,7323,0,160000,0.25792,69017,90983,68051,91949,61030,98970,3
112.17784,141.80563,89.02197,0.06724,0,0.05393,1,0,0.86935,10.26356,0,10759,0,199.75,228.91938,0,1,0.41789,0,10833,0,160000,0.35555,79329,80671,83484,76516,67878,92122,3
101.41752,130.16303,84.08316,0.07172,0,0.04936,1,0,1.56238,18.28671,0,11475,0,199.75,228.91938,0,1,0.50725,0,11690,0,160000,0.37231,73834,86166,79387,80613,64214,95786,3
131.60639,108.19092,80.15366,0.04388,0,0.05455,1,0,2.09789,66.17788,0,7020,0,199.75,228.91938,0,1,0.48874,0,8443,0,160000,0.25979,76491,83509,68962,91038,59694,100306,3
98.16292,109.04931,79.40988,0.08302,0,0.04583,1,0,1.55916,17.21911,0,13283,0,199.75,228.91938,0,1,0.45872,0,13744,0,160000,0.41273,87205,72795,84054,75946,88698,71302,3
104.85648,121.33052,97.12294,0.04215,0,0.03921,1,0,0.78553,5.09312,0,6744,0,199.75,228.91938,0,1,0.50744,0,9812,0,160000,0.25206,69962,90038,73120,86880,68280,91720,3
113.01753,123.77459,73.61713,0.0403,0,0.04904,1,0,0.71886,4.12237,0,6448,0,199.75,226.05106,0,1.00065,0.50083,0,7266,0,160000,0.24367,69890,90110,81363,78637,53654,106346,3
140.81541,143.20796,119.01634,0.07672,0,0.04555,1,0,0.7075,4.73487,0,12275,0,199.75,228.91938,0,1,0.43892,0,13617,0,160000,0.39051,93419,66581,90746,69254,87100,72900,3
107.47904,133.19193,70.33374,0.0557,0,0.04689,1,0,-0.05274,3.29241,0,8912,0,199.75,228.91938,0,1,0.40101,0,9083,0,160000,0.31013,85504,74496,76622,83378,59511,100489,3
65.18182,79.71572,25.76986,0.05578,0,0.07201,1,0,3.03439,50.34133,0,8924,0,196.25,224.95055,0.00194,1.00258,0.70791,0,9656,0,160000,0.31044,53827,106173,67009,92991,43344,116656,3
121.36914,132.9076,85.59587,0.07711,0,0.04607,1,0,1.34057,13.14958,0,12337,0,199.75,228.91938,0,1,0.54986,0,12581,0,160000,0.3919,104143,55857,72250,87750,95734,64266,3
116.53345,127.88259,46.42254,0.07191,0,0.03878,1,0,0.84571,10.41704,0,11505,0,199.75,228.91938,0,1,0.40842,0,11851,0,160000,0.373,83751,76249,85574,74426,55135,104865,3
157.55384,149.02275,57.13401,0.03835,0,0.07811,1,0,2.03551,20.98732,0,6136,0,199.75,192.55497,0,1.02416,0.87589,0,6269,0,160000,0.23468,96951,63049,84739,75261,75421,84579,3
110.03979,134.29923,89.22142,0.04726,0,0.04192,1,0,0.0694,2.82869,0,7561,0,199.75,211.77917,0,1.02836,0.58355,0,7796,0,160000,0.27463,68196,91804,85938,74062,71172,88828,3
103.89968,126.58618,92.59983,0.04829,0,0.03874,1,0,0.8811,6.4686,0,7726,0,199.75,228.91938,0,1,0.52451,0,10916,0,160000,0.27908,81081,78919,87036,72964,73283,86717,3
77.7043,105.17206,23.34147,0.07878,0,0.05302,1,0,1.34049,18.9987,0,12604,0,199.75,228.91938,0,1,0.5818,0,12880,0,160000,0.39785,71453,88547,73853,86147,46737,113263,3
93.83889,111.11399,53.05973,0.05907,0,0.06055,1,0,0.93868,5.0587,0,9451,0,199.75,228.91938,0,1,0.43463,0,10003,0,160000,0.32374,69472,90528,69650,90350,69600,90400,3
103.79137,116.76279,87.35404,0.06302,0,0.04681,1,0,1.35928,7.59736,0,10083,0,198.25,214.44133,0.00338,1.01976,0.6193,0,10355,0,160000,0.33931,80387,79613,90327,69673,73657,86343,3
133.65018,138.98645,49.19715,0.04476,0,0.03493,1,0,0.46066,3.53118,0,7161,0,199.75,228.91938,0,1,0.52333,0,7482,0,160000,0.26369,62625,97375,58280,101720,46460,113540,3
110.42983,141.64152,81.4171,0.05627,0,0.05497,1,0,2.51701,24.96273,0,9003,0,199.75,216.59044,0,1.01371,0.60626,0,9524,0,160000,0.31245,102347,57653,95238,64762,96706,63294,3
136.75528,144.41031,92.17243,0.05227,0,0.03425,1,0,0.97071,14.53198,0,8363,0,199.75,228.91938,0,1,0.64977,0,8741,0,160000,0.29596,86963,73037,85557,74443,85776,74224,3
73.90008,107.01576,25.65565,0.05619,0,0.03877,1,0,0.98032,6.53585,0,8991,0,199.75,228.91938,0,1,0.43968,0,9722,0,160000,0.31215,71473,88527,81590,78410,44742,115258,3
92.90529,94.40336,58.40926,0.02821,0,0.05829,1,0,1.57132,11.31527,0,4513,0,197,186.6311,-0.0142,1.19153,0.22679,0,5259,0,160000,0.18531,67994,92006,67878,92122,49140,110860,3
92.60949,118.84369,48.69316,0.04054,0,0.06536,1,0,2.20178,14.42149,0,6486,0,199.75,228.91938,0,1,0.34327,0,6860,0,160000,0.24475,70052,89948,85265,74735,60018,99982,3
119.79923,135.63927,43.76981,0.05239,0,0.06869,1,0,1.11669,8.82404,0,8382,0,199.75,210.44734,0,1.00012,0.76632,0,8917,0,160000,0.29645,83517,76483,77987,82013,61033,98967,3
93.36471,134.08992,63.20122,0.03755,0,0.05646,1,0,2.87542,16.89051,0,6008,0,199.75,226.05106,0,1.00065,0.71666,0,6023,0,160000,0.23094,78851,81149,73062,86938,73935,86065,3